formula,chemsys,spg_number,spg_symbol,Total Energy(eV),Bulk Modulus(GPa),Shear Modulus(GPa),Youngs Modulus(GPa),Poisson Ratio,Bulk/Shear Ratio,nsites,DeltaE/atom,Volume/atom,a,b,c,alpha,beta,gamma,volume,density,density_atomic
Ac2Mg,Ac-Mg,12,C2/m,-19.508618,28.861,19.581,47.779,0.224,1.702,6,-0.117073167,38.70666667,7.459171,7.459171,8.270315,73.904198,73.904198,32.117466,234.2415432,6.781411421,39.0402572
Ac2Mg,Ac-Mg,139,I4/mmm,-9.755256,28.794,19.355,47.307,0.226,1.72,3,-0.117388833,38.70666667,4.119387,4.119387,7.482416,105.995538,105.995538,89.93933,116.94436,6.79164124,38.98145334
Ac2Mg,Ac-Mg,63,Cmcm,-19.450829,26.428,14.322,36.226,0.272,2.279,6,-0.107441667,38.895,9.578804,9.578804,6.02795,90,90,154.813174,235.3772407,6.748691045,39.22954012
AcMg,Ac-Mg,221,Pm-3m,-5.738771,31.146,19.26,47.734,0.245,1.922,2,-0.161985125,34.89,4.124682,4.134536,5.831679,90,45.05481,90,70.38999452,5.92842453,35.19499726
AcMg3,Ac-Mg,225,Fm-3m,-8.821842,34.044,19.236,48.55,0.262,1.852,4,-0.138504313,28.6275,5.442208,5.442208,5.442208,119.926219,119.926219,90.127839,114.1019953,4.364696453,28.52549883
Ba2Mg17,Ba-Mg,166,R-3m,-30.567374,30.495,8.726,23.452,0.372,6.77,19,0.060318342,26.76263158,8.009913,8.00991,8.009903,82.990206,82.990167,82.99025,503.2476095,2.269625349,26.48671629
Ba6Mg23,Ba-Mg,225,Fm-3m,-48.233666,24.606,14.485,36.327,0.254,1.702,29,0.240147086,30.40241379,10.743711,10.743711,10.74371,60.000003,60.000003,60.000002,876.8957475,2.618882967,30.2377844
BaMg,Ba-Mg,51,Pmma,-7.049895,16.106,6.889,17.104,0.323,7.892,4,0.816461875,41.635,4.394325,6.199732,6.196448,90,90,90,168.8137783,3.17979081,42.20344458
BaMg2,Ba-Mg,194,P6_3/mmc,-20.567518,21.784,12.057,30.536,0.266,1.816,12,0.480834583,33.87916667,6.644726,6.644726,10.582119,90,90,120.000016,404.6293498,3.052231901,33.71911249
Ca2Mg,Ca-Mg,63,Cmcm,-11.045905,22.094,16.913,40.385,0.195,1.417,6,-0.027416167,34.99166667,6.336228,6.336228,5.945419,90,90,120.25686,206.179163,1.682629504,34.36319384
Ca2Mg,Ca-Mg,12,C2/m,-11.030746,21.958,10.554,26.72,0.297,3.576,6,-0.024889667,35.07666667,7.312164,7.312164,8.13958,74.19023,74.19023,30.241952,210.282184,1.649798078,35.04703066
Ca2Mg,Ca-Mg,63,Cmcm,-10.890733,21.196,6.078,16.411,0.371,6.028,6,-0.001554167,34.96833333,9.369329,9.369329,5.896057,90,90,155.812235,212.0677072,1.635907453,35.34461787
Ca3Mg,Ca-Mg,221,Pm-3m,-7.32831,19.796,4.039,11.345,0.404,4.909,4,0.0298725,36.5,5.288813,5.288813,5.288813,90,90,90,147.9362961,1.622405471,36.98407402
CaMg,Ca-Mg,12,C2/m,-7.093244,24.724,17.557,42.549,0.213,1.53,4,-0.056507,31.44,6.464052,6.464052,5.818996,69.938468,69.938468,33.739063,126.0692041,1.69606031,31.51730103
CaMg,Ca-Mg,51,Pmma,-7.164834,24.649,14.141,35.034,0.263,1.294,4,-0.0744045,31.2025,3.577987,5.72957,5.994394,90,90,90,122.887037,1.739979892,30.72175926
CaMg,Ca-Mg,38,Amm2,-21.041356,24.431,14.487,36.161,0.253,2.006,12,-0.036642333,31.31666667,5.493885,5.505398,12.428914,90,90,90,375.925217,1.706357784,31.32710141
CaMg2,Ca-Mg,166,R-3m,-10.546209,30.214,20.734,50.581,0.221,1.573,6,-0.1376615,28.325,6.320027,6.320027,6.320026,58.045578,58.045578,58.045575,170.5007999,1.727497922,28.41679998
CaMg2,Ca-Mg,194,P6_3/mmc,-21.122,30.135,16.001,40.785,0.274,1.885,12,-0.140126667,28.29666667,6.275606,6.275606,9.907174,90,90,119.999986,337.9028301,1.743340104,28.15856917
CaMg2,Ca-Mg,12,C2/m,-10.262244,28.41,25.941,59.653,0.15,1.13,6,-0.090334,28.26,6.791803,6.791803,7.690291,74.857648,74.857648,29.724194,169.3449228,1.739289094,28.22415381
CaMg2,Ca-Mg,139,I4/mmm,-5.104463,27.839,10.803,27.369,0.338,8.244,3,-0.081447667,28.23666667,6.638485,6.638485,6.638485,147.501595,147.501595,46.621659,84.14522416,1.750187134,28.04840805
CaMg2,Ca-Mg,63,Cmcm,-10.187086,27.729,24.77,55.614,0.164,0.794,6,-0.077807667,28.27333333,6.098171,6.098171,5.423431,90,90,123.297212,168.5750824,1.747231995,28.09584706
CaMg2,Ca-Mg,63,Cmcm,-10.144454,27.636,17.304,42.82,0.242,1.868,6,-0.070702333,28.30333333,8.941615,8.941615,5.618447,90,90,157.651691,170.805402,1.724417226,28.467567
CaMg3,Ca-Mg,194,P6_3/mmc,-13.383998,29.3,17.199,43.146,0.255,1.769,8,-0.10134175,26.99875,6.811356,6.811356,5.315928,90,90,120.000001,213.5879975,1.75692729,26.69849968
CaMg3,Ca-Mg,225,Fm-3m,-6.661324,29.299,11.023,28.109,0.342,8.167,4,-0.093673,26.11,5.259972,5.259972,5.259972,119.880043,119.880043,90.207898,103.0905476,1.820043594,25.7726369
CaMg3,Ca-Mg,221,Pm-3m,-6.582041,29.291,17.621,44.033,0.249,1.662,4,-0.07385225,27.145,4.753947,4.753947,4.753947,90,90,90,107.4392888,1.746375026,26.85982219
CeMg,Ce-Mg,12,C2/m,-14.849756,52.523,67.634,137.852,0.102,0.616,4,-0.0445965,25.5975,5.854633,5.854633,5.9437,69.446071,69.446071,33.607824,104.9084134,5.205063829,26.22710334
CeMg,Ce-Mg,51,Pmma,-14.829022,44.299,34.053,81.32,0.194,1.316,4,-0.039413,24.7125,3.209874,5.166307,6.182634,90,90,90,102.527832,5.325919575,25.63195801
CeMg,Ce-Mg,221,Pm-3m,-7.246626,38.13,25.381,61.309,0.232,2.24,2,0.0445295,27.825,3.838722,3.838722,3.838722,90,90,90,56.56658818,4.826656559,28.28329409
CeMg2,Ce-Mg,187,P-6m2,-17.855435,43.201,28.057,69.153,0.233,1.641,6,-0.0551735,24.185,3.101781,3.101781,17.116283,90,90,119.999963,142.6140858,4.394894011,23.7690143
CeMg2,Ce-Mg,194,P6_3/mmc,-35.585197,42.001,19.05,49.618,0.303,2.364,12,-0.04470075,26.11666667,6.302187,6.302187,10.617908,90,90,119.668166,366.4330367,3.42094587,30.53608639
CeMg2,Ce-Mg,194,P6_3/mmc,-17.919065,41.488,29.328,71.184,0.214,1.479,6,-0.0657785,24.43333333,3.111898,3.111898,17.187696,90,90,119.999989,144.1448075,4.348223168,24.02413459
CeMg2,Ce-Mg,63,Cmcm,-17.849263,40.768,24.549,61.333,0.249,1.69,6,-0.054144833,24.55166667,9.140626,9.140626,5.161061,90,90,160.476851,144.1057355,4.349402121,24.01762259
CeMg2,Ce-Mg,12,C2/m,-17.839916,39.821,19.218,49.214,0.296,2.894,6,-0.052587,25.115,6.818482,6.818482,7.435355,77.382298,77.382298,26.972214,152.7799071,4.102462188,25.46331784
CeMg2,Ce-Mg,12,C2/m,-17.939408,39.443,23.565,58.779,0.252,1.964,6,-0.069169,24.99666667,5.925391,5.925391,8.284256,76.315855,76.315855,32.114518,149.8677546,4.182179105,24.9779591
CeMg2,Ce-Mg,227,Fd-3m,-17.66489,39.141,10.402,28.606,0.378,4.526,6,-0.023416,26.32333333,6.098898,6.098898,6.098898,60,60,60,160.4128195,3.907255005,26.73546991
CeMg3,Ce-Mg,225,Fm-3m,-10.499122,42.753,29.382,71.648,0.221,1.581,4,-0.07760325,25.0125,5.214783,5.214784,5.214783,60.000007,60.000003,59.999995,100.2752799,3.527751787,25.06881998
CeMg3,Ce-Mg,187,P-6m2,-10.468546,36.208,16.446,42.789,0.303,2.481,4,-0.06995925,24.0275,3.119791,3.119791,11.134345,90,90,120.000074,93.85251682,3.769172207,23.4631292
CeMg5,Ce-Mg,187,P-6m2,-27.191034,37.082,36.809,82.956,0.127,1.042,6,-0.092297333,23.5325,3.15199,3.15199,16.1789,90,90,120.000709,139.2022158,3.121107659,23.2003693
Dy3Mg,Dy-Mg,123,P4/mmm,-15.234334,40.176,21.419,53.922,0.277,2.695,4,-0.07526275,29.485,3.562303,3.562303,9.302996,90,90,90,118.0550364,7.198949091,29.5137591
Dy5Mg24,Dy-Mg,217,I-43m,-60.138824,39.453,16.366,43.133,0.318,2.414,29,-0.11693969,24.58344828,9.710007,9.710007,9.710006,109.471321,109.471311,109.471316,704.7501182,3.288844627,24.30172822
DyMg,Dy-Mg,221,Pm-3m,-6.214156,41.339,24.14,60.314,0.257,2.12,2,-0.1426935,27.155,3.782879,3.782879,3.782879,90,90,90,54.13364935,5.730206703,27.06682467
DyMg2,Dy-Mg,194,P6_3/mmc,-31.018963,42.618,21.889,56.064,0.281,1.993,12,-0.13315325,25.85666667,6.023042,6.023043,9.794773,90,90,120.000024,307.7207432,4.556812111,25.64339527
DyMg2,Dy-Mg,227,Fd-3m,-15.51287,42.592,17.39,45.578,0.322,3.334,6,-0.133718,25.80666667,6.009533,6.009533,6.009533,60,60,60,153.4642526,4.568574068,25.57737543
DyMg2,Dy-Mg,191,P6/mmm,-7.73995,38.301,17.145,44.655,0.306,2.61,3,-0.128223,26,5.21229,5.21229,3.261734,90,90,120.000004,76.74254116,4.567954058,25.58084705
DyMg3,Dy-Mg,225,Fm-3m,-9.36287,41.807,30.512,73.48,0.207,1.542,4,-0.14526925,24.42,5.143501,5.1435,5.143501,59.999989,59.999991,59.999992,96.21910852,4.062766849,24.05477713
DyMg3,Dy-Mg,194,P6_3/mmc,-18.63673,40.638,13.62,36.731,0.349,3.264,8,-0.134143,25.005,6.666084,6.666082,5.153814,90,90,120.000011,198.3356485,3.941962097,24.79195606
Er2Mg,Er-Mg,63,Cmcm,-21.323071,43.304,278.909,187.547,-0.223,0.081,6,-0.095186167,28.045,3.65152,8.690627,5.387169,90,90,77.850842,167.1274946,7.130360099,27.85458243
Er2Mg,Er-Mg,139,I4/mmm,-10.580911,40.523,21.669,54.871,0.275,2.36,3,-0.068311333,27.97666667,3.576866,3.576866,7.090689,104.609082,104.609076,90.000011,84.75063475,7.030503208,28.25021158
Er3Mg,Er-Mg,123,P4/mmm,-15.081118,39.697,24.758,61.331,0.243,1.855,4,-0.057602125,28.8625,3.535381,3.535381,9.21729,90,90,90,115.206166,7.582751374,28.80154149
Er5Mg24,Er-Mg,217,I-43m,-59.732744,40.042,15.524,41.241,0.328,2.611,29,-0.107682534,24.33931034,9.672065,9.672072,9.672072,109.47125,109.471221,109.471221,696.5242282,3.384413739,24.01807683
ErMg,Er-Mg,221,Pm-3m,-6.140252,39.837,12.726,33.282,0.361,8.624,2,-0.11950375,26.71,3.760531,3.760531,3.760531,90,90,90,53.17991014,5.981572834,26.58995507
ErMg2,Er-Mg,227,Fd-3m,-30.714773,43.693,17.117,45.271,0.327,3.113,6,-0.116978917,25.4525,5.978274,5.978209,5.978274,59.999642,60,59.999642,151.0794257,4.745304082,25.17990429
ErMg2,Er-Mg,194,P6_3/mmc,-30.723877,43.497,20.837,53.877,0.294,2.23,12,-0.117737583,25.49333333,5.986408,5.986408,9.742104,90,90,119.999936,302.3544119,4.742234856,25.19620099
ErMg3,Er-Mg,194,P6_3/mmc,-18.424288,41.128,11.256,30.904,0.375,4.21,8,-0.114468875,24.71875,6.613346,6.613346,5.147115,90,90,120.000086,194.9560343,4.091366664,24.36950429
ErMg3,Er-Mg,225,Fm-3m,-9.24714,39.998,30.123,72.101,0.2,1.488,4,-0.123217875,24.2175,5.127197,5.127197,5.127197,60,60,60,95.30705555,4.184562281,23.82676389
Eu2Mg,Eu-Mg,63,Cmcm,-10.568664,16.706,9.079,21.324,0.286,1.042,6,-0.041333667,37.175,9.52424,9.52424,5.997508,90,90,156.540356,216.5843336,5.033085362,36.09738893
Eu2Mg,Eu-Mg,12,C2/m,-10.51378,15.891,6.501,16.803,0.327,4.55,6,-0.032186333,37.31333333,6.669076,6.669076,9.419645,68.626302,68.626302,33.832731,215.6736813,5.054336868,35.94561355
EuMg,Eu-Mg,221,Pm-3m,-3.563095,23.111,17.458,41.8,0.199,1.434,2,-0.13483675,33.105,4.041333,4.041333,4.041333,90,90,90,66.00454386,4.434566829,33.00227193
EuMg2,Eu-Mg,194,P6_3/mmc,-20.829674,27.414,12.895,33.439,0.297,2.185,12,-0.162495,29.50666667,6.313145,6.313145,10.208669,89.999997,89.999997,120.000211,352.3630689,3.780883891,29.36358907
EuMg3,Eu-Mg,225,Fm-3m,-6.65042,29.425,15.8,40.092,0.273,2.183,4,-0.125993625,26.95,5.297714,5.297714,5.297714,60,60,60,105.135786,3.55179125,26.2839465
EuMg5,Eu-Mg,194,P6_3/mmc,-57.700096,29.845,18.361,45.709,0.245,1.642,36,-0.102868861,27.39555556,10.516721,10.516721,10.844469,90,90,120.000007,1038.722666,2.623255563,28.8534074
Gd2Mg,Gd-Mg,63,Cmcm,-21.786557,40.76,17.162,43.735,0.321,5.141,6,-0.1200865,29.51,3.72047,8.93791,5.500028,90,90,77.987288,178.8885784,6.289936937,29.81476307
GdMg,Gd-Mg,221,Pm-3m,-6.299484,43.026,33.381,79.392,0.192,1.458,2,-0.15985925,27.745,3.830636,3.830636,3.830636,90,90,90,56.20987375,5.363455744,28.10493687
GdMg3,Gd-Mg,225,Fm-3m,-9.487352,40.027,26.165,64.165,0.233,1.852,4,-0.163640625,24.655,5.181235,5.181234,5.181235,59.999998,60.000002,59.99999,98.35234924,3.886007576,24.58808731
Ho5Mg24,Ho-Mg,217,I-43m,-59.929723,39.767,15.926,42.151,0.323,2.51,29,-0.112760086,24.45827586,9.692809,9.692808,9.692808,109.471289,109.471302,109.471302,701.0124584,3.335164473,24.17284339
HoMg,Ho-Mg,221,Pm-3m,-6.173503,39.327,16.135,41.847,0.323,4.086,2,-0.13115625,26.925,3.772762,3.772762,3.772762,90,90,90,53.70047586,5.851580207,26.85023793
HoMg2,Ho-Mg,227,Fd-3m,-15.426291,43.238,12.303,32.718,0.374,9,6,-0.125147667,25.635,5.999861,5.999857,5.999861,59.999976,60,59.999976,152.7243107,4.643557298,25.45405178
HoMg2,Ho-Mg,194,P6_3/mmc,-30.862059,43.019,21.056,54.296,0.29,2.132,12,-0.125937417,25.67166667,6.003183,6.003183,9.778973,90,90,120.00002,305.2016677,4.647314628,25.43347231
HoMg2,Ho-Mg,191,P6/mmm,-7.697168,39.124,16.848,44.091,0.313,2.739,3,-0.119821833,25.84,5.203211,5.203211,3.2548,90,90,119.999997,76.3128972,4.646554602,25.4376324
HoMg3,Ho-Mg,194,P6_3/mmc,-18.527317,40.96,12.61,34.276,0.361,3.635,8,-0.124861,24.8575,6.632835,6.632835,5.158199,90,90,120.000071,196.5290396,4.019268058,24.56612995
HoMg3,Ho-Mg,225,Fm-3m,-9.302738,40.529,30.437,72.891,0.2,1.493,4,-0.134630875,24.315,5.134669,5.134669,5.134669,60,60,60,95.72435528,4.125924322,23.93108882
La2Mg,La-Mg,12,C2/m,-22.88392,29.425,14.007,35.626,0.3,3.477,6,-0.140131167,33.455,6.902137,6.902137,7.968288,74.122535,74.122535,33.1112,198.7398864,5.048562019,33.1233144
La2Mg,La-Mg,15,C2/c,-22.755731,29.079,11.55,30.493,0.325,3.083,6,-0.118766333,32.51833333,6.244912,6.244912,6.725626,62.830841,62.830841,60.712771,194.1113453,5.168943838,32.35189088
La2Mg,La-Mg,12,C2/m,-22.803076,28.68,15.128,38.441,0.277,2.311,6,-0.126657167,32.90333333,6.514409,6.514409,8.916908,70.452212,70.452212,33.374749,195.0563469,5.143901534,32.50939115
La2Mg,La-Mg,63,Cmcm,-22.888141,27.639,14.871,37.355,0.277,2.744,6,-0.140834667,33.415,6.254265,6.254266,5.605512,90,90,119.58839,190.6711368,5.26220517,31.7785228
La2Mg17,La-Mg,194,P6_3/mmc,-73.663984,38.21,29.354,70.106,0.194,1.321,38,-0.157170184,24.80342105,10.311769,10.311769,10.152505,90,90,119.999997,934.9109107,2.454620521,24.6029187
La3Mg,La-Mg,221,Pm-3m,-16.245799,31.555,17.324,43.917,0.268,1.922,4,-0.106676313,33.7075,5.139097,5.139095,5.139095,90,90,90,135.725053,5.395711876,33.93126326
La3Mg,La-Mg,25,Pmm2,-16.224543,30.187,13.842,35.924,0.302,2.572,4,-0.101362313,33.5425,3.781643,5.795418,6.112013,90,90,90,133.9521045,5.467127846,33.48802613
La3Mg,La-Mg,139,I4/mmm,-16.266656,29.431,16.81,42.343,0.26,1.869,4,-0.111890563,33.415,6.333415,6.333415,6.333415,132.980905,132.980905,68.684138,133.5119232,5.485152658,33.3779808
La3Mg,La-Mg,44,Imm2,-16.271615,29.026,11.926,31.394,0.32,2.869,4,-0.113130313,34.125,6.87117,6.87117,6.87117,148.067749,126.448602,63.718894,136.5751902,5.362125285,34.14379754
La4Mg,La-Mg,139,I4/mmm,-21.207337,27.106,15.287,38.41,0.264,2.2,5,-0.1181432,35.02,3.812145,3.812145,12.218427,98.966836,98.966836,90.050354,173.1924349,5.560238474,34.63848698
La5Mg41,La-Mg,87,I4/m,-89.658999,37.754,24.271,59.955,0.235,1.606,46,-0.156181973,24.83086957,11.698599,11.698599,11.698599,101.556298,101.556298,126.822542,1146.082021,2.450108481,24.91482654
LaMg,La-Mg,221,Pm-3m,-6.615413,34.337,18.71,47.182,0.271,2.375,2,-0.195686875,31.395,3.977517,3.977517,3.977517,90,90,90,62.92686334,4.306862715,31.46343167
LaMg,La-Mg,51,Pmma,-13.238208,34.203,19.704,49.48,0.259,1.99,4,-0.197532375,31.2325,3.801459,5.615473,5.789011,90,90,90,123.5779721,4.386175899,30.89449304
LaMg,La-Mg,38,Amm2,-19.645221,32.682,16.796,42.422,0.284,2.92,6,-0.162183875,30.74833333,8.736441,8.736441,5.688446,90,90,154.840675,184.5828936,4.40480734,30.7638156
LaMg,La-Mg,8,Cm,-19.508288,28.312,15.953,40.012,0.265,2.308,6,-0.139361708,30.54833333,6.711738,6.711738,8.121684,73.639521,73.639521,30.804956,179.188143,4.537421232,29.8646905
LaMg12,La-Mg,139,I4/mmm,-23.680966,37.75,27.567,66.491,0.206,1.432,13,-0.135791904,24.37461538,7.844739,7.844739,7.844739,98.194576,98.194576,135.637425,312.5668699,2.287417038,24.04360538
LaMg2,La-Mg,227,Fd-3m,-16.601181,36.539,24.146,59.352,0.229,1.566,6,-0.21667975,28.175,6.210954,6.210954,6.210954,59.999977,59.99998,59.999983,169.4180639,3.675839002,28.23634399
LaMg2,La-Mg,194,P6_3/mmc,-32.977321,35.226,14.124,37.373,0.323,2.573,12,-0.197926333,28.225,6.216073,6.216073,10.129092,90,90,119.999997,338.9482348,3.67462322,28.24568623
LaMg2,La-Mg,12,C2/m,-16.161395,31.716,19.006,47.367,0.251,1.975,6,-0.143382083,28.13166667,6.898676,6.898676,7.707194,76.619299,76.619299,28.10304,167.7951075,3.711392641,27.96585125
LaMg3,La-Mg,139,I4/mmm,-9.963919,37.761,27.984,67.285,0.203,1.434,4,-0.221713938,26.3825,5.259701,5.259701,5.259701,118.532242,118.532242,92.561606,105.0578541,3.34802351,26.26446353
LaMg3,La-Mg,225,Fm-3m,-19.859777,36.371,20.538,51.794,0.263,1.953,8,-0.213206313,26.37875,5.28088,5.28088,7.490542,90,90,90,208.893953,3.36760505,26.11174412
LaMg3,La-Mg,194,P6_3/mmc,-19.588977,35.757,12.841,34.395,0.34,2.951,8,-0.179356313,27.44875,6.966675,6.966675,5.219896,90,90,119.999999,219.4035025,3.2062949,27.42543781
LaMg3,La-Mg,123,P4/mmm,-9.601416,33.626,18.62,46.886,0.268,1.494,4,-0.131088188,28.0825,4.752653,4.752653,4.966865,90,90,90,112.1901089,3.135179821,28.04752723
Li2Mg,Li-Mg,63,Cmcm,-10.962484,22.306,18.858,43.867,0.172,1.457,6,-0.056178667,20.01333333,5.299215,5.299215,5.070803,90,90,120.504612,122.6872944,1.033701259,20.4478824
Li2Mg,Li-Mg,12,C2/m,-10.885556,21.903,14.381,35.347,0.231,1.686,6,-0.043357333,20.07666667,5.853986,5.853986,7.279645,74.004011,74.004011,30.793368,122.3850267,1.036254304,20.39750446
Li2Mg,Li-Mg,8,Cm,-10.850367,21.883,13.145,32.77,0.251,1.932,6,-0.0374925,20.61166667,5.878895,5.878895,7.290313,74.413741,74.413741,30.576134,123.0969362,1.030261309,20.51615604
Li2Mg,Li-Mg,155,R32,-10.839945,21.858,3.927,11.03,0.416,4.034,6,-0.0357555,20.61166667,5.927473,5.927473,5.927472,53.100539,53.100539,53.100549,123.4562621,1.02726268,20.57604368
Li2Mg,Li-Mg,38,Amm2,-10.851549,21.856,14.672,35.874,0.227,1.715,6,-0.0376895,20.62166667,8.078672,8.078672,5.091758,90,90,158.116194,123.8616493,1.023900548,20.64360822
Li2Mg,Li-Mg,63,Cmcm,-10.892751,21.768,9.174,23.223,0.323,5.802,6,-0.0445565,20.16833333,3.290631,7.603146,4.903069,90,90,77.50237,119.7639156,1.058933403,19.9606526
Li2Mg,Li-Mg,63,Cmcm,-10.756399,21.699,14.44,35.333,0.229,1.774,6,-0.021831167,20.85166667,3.081288,8.165094,5.04704,90,90,79.123856,124.697639,1.017036182,20.78293983
Li2Mg,Li-Mg,164,P-3m1,-10.689701,21.374,8.128,20.705,0.337,1.58,6,-0.010714833,21.15833333,3.111895,3.111895,15.150567,90,90,120.000005,127.0601413,0.998125843,21.17669022
Li2Mg,Li-Mg,15,C2/c,-10.851977,21.225,12.094,30.422,0.261,1.55,6,-0.037760833,20.36666667,5.266104,5.266104,5.913408,62.768798,62.768798,60.454203,121.0162702,1.047974875,20.16937837
Li2Mg,Li-Mg,12,C2/m,-10.868607,20.325,7.276,17.869,0.362,194.184,6,-0.0405325,20.325,3.309739,5.743755,7.017319,72.473828,90,106.745225,121.2636106,1.045837329,20.21060177
Li3Mg,Li-Mg,25,Pmm2,-7.379442,20.332,14.195,34.476,0.218,1.619,4,-0.03090975,20.2975,3.051255,5.055267,5.276943,90,90,90,81.39637365,0.920640609,20.34909341
Li3Mg,Li-Mg,44,Imm2,-7.365647,20.314,8.867,22.804,0.313,3.836,4,-0.027461,20.075,5.851369,5.851369,5.851369,149.317357,126.486191,62.958488,81.40373014,0.92055741,20.35093254
Li3Mg,Li-Mg,221,Pm-3m,-7.351421,20.059,6.449,17.373,0.356,4.188,4,-0.0239045,20.08,4.30344,4.30344,4.303445,90,90,90,79.6980782,0.940258645,19.92451955
Li3Mg,Li-Mg,225,Fm-3m,-7.360223,19.994,16.052,37.886,0.184,1.428,4,-0.026105,20.13,4.849165,4.849165,4.849165,60,60,60,80.62802026,0.929413953,20.15700506
Li3Mg,Li-Mg,194,P6_3/mmc,-14.727669,19.878,12.864,31.688,0.234,1.736,8,-0.027007875,20.15625,6.090956,6.090956,5.011544,90,90,120.000001,161.0175065,0.930790802,20.12718831
Li3Mg5,Li-Mg,139,I4/mmm,-13.611266,28.881,24.821,57.469,0.168,1.459,8,-0.081176875,20.92375,6.122918,6.122918,6.122918,117.032289,117.032289,95.221996,168.837695,1.400009725,21.10471188
Li4Mg,Li-Mg,166,R-3m,-9.242296,19.005,15.353,36.078,0.184,1.522,5,-0.0086792,20.704,12.883575,12.883575,12.883575,13.674083,13.674083,13.674082,103.9887001,0.831461578,20.79774003
Li5Mg,Li-Mg,155,R32,-11.181174,18.374,9.021,23.198,0.29,2.384,6,-0.0065295,20.15833333,5.284205,5.28298,5.85512,117.076013,63.176321,120.007662,120.61517,0.812405357,20.10252834
Li5Mg,Li-Mg,189,P-62m,-11.200266,18.322,5.594,15.029,0.363,5.441,6,-0.0097115,20.10666667,5.053199,5.274124,5.274126,60.000008,90,90,121.7300685,0.804964719,20.28834475
Li5Mg,Li-Mg,38,Amm2,-11.190816,18.228,15.917,35.465,0.175,0.77,6,-0.0081365,20.28166667,8.087576,8.087576,5.045104,90,90,158.209548,122.4983328,0.799916277,20.4163888
Li5Mg,Li-Mg,187,P-6m2,-11.099265,18.104,8.805,22.727,0.291,2.123,6,0.007122,20.64833333,3.062186,3.062186,15.32283,90,90,120.000024,124.4321726,0.787484525,20.73869543
Li5Mg,Li-Mg,8,Cm,-11.184188,18.068,9.112,23.096,0.288,2.954,6,-0.007031833,20.055,5.958923,5.958923,7.269206,74.561687,74.561687,29.584695,122.5112817,0.79983173,20.41854695
LiMg,Li-Mg,123,P4/mmm,-3.56522,26.911,21.517,50.965,0.184,1.271,2,-0.0978055,20.045,3.378185,3.378185,3.55261,90,90,90,40.54286099,1.279761773,20.2714305
LiMg,Li-Mg,221,Pm-3m,-3.565232,26.911,21.517,50.964,0.184,1.271,2,-0.0978115,20.045,3.415326,3.415326,3.415326,90,90,90,39.83790512,1.302407933,19.91895256
LiMg,Li-Mg,38,Amm2,-10.616376,26.29,22.707,52.793,0.165,1.292,6,-0.0845915,20.31,7.590358,7.590358,4.922268,90,90,154.877119,120.4009536,1.29281045,20.0668256
LiMg,Li-Mg,65,Cmmm,-10.616376,26.29,22.706,52.792,0.165,1.292,6,-0.0845915,20.31,7.540307,7.540307,4.899577,90,90,153.934069,122.4057299,1.271636639,20.40095499
LiMg,Li-Mg,74,Imma,-7.07277,26.281,21.158,49.846,0.184,1.469,4,-0.083388,20.325,5.695203,5.695203,4.899455,64.6918,64.6918,34.475402,80.4407333,1.29002314,20.11018333
LiMg,Li-Mg,12,C2/m,-7.077637,26.224,17.575,42.115,0.232,2.447,4,-0.08460475,20.3425,5.902616,5.902616,5.355207,63.83839,63.83839,30.329352,83.81228831,1.238128793,20.95307208
LiMg,Li-Mg,166,R-3m,-3.497067,25.966,12.283,30.595,0.304,4.98,2,-0.063729,21.09,5.385433,5.385433,5.385433,33.359797,33.359797,33.359801,42.05555146,1.233730194,21.02777573
LiMg,Li-Mg,8,Cm,-10.580694,25.913,15.617,38.923,0.25,1.906,6,-0.0786445,20.48666667,5.720285,5.720285,6.746465,72.607846,72.607846,35.387538,121.385076,1.282329065,20.23084601
LiMg,Li-Mg,38,Amm2,-10.495712,25.67,16.543,39.903,0.241,2.588,6,-0.064480833,20.90333333,8.107714,8.107714,5.036497,90,90,157.240731,128.0794228,1.215305376,21.34657046
LiMg,Li-Mg,38,Amm2,-10.4957,25.663,16.53,39.87,0.241,2.594,6,-0.064478833,20.90333333,8.121811,8.121811,5.051346,90,90,157.67235,126.5858312,1.229644815,21.09763854
LiMg,Li-Mg,8,Cm,-10.549436,25.4,13.545,34.345,0.275,2.313,6,-0.073434833,20.60333333,5.832647,5.832647,7.420963,73.762651,73.762651,31.306728,125.5300782,1.23998657,20.9216797
LiMg,Li-Mg,12,C2/m,-10.549459,25.398,13.55,34.354,0.275,2.313,6,-0.073438667,20.60333333,5.656821,5.656821,7.156593,71.958926,71.958926,34.338346,122.2041027,1.273734741,20.36735044
LiMg,Li-Mg,156,P3m1,-10.375612,25.089,6.888,18.568,0.377,7.344,6,-0.044464167,21.39833333,3.114748,3.114748,15.168828,90,90,119.999969,127.4467381,1.221338524,21.24112301
LiMg,Li-Mg,5,C2,-10.488522,25.07,10.084,25.068,0.331,1.402,6,-0.0632825,20.935,5.337326,5.337326,5.832424,64.008523,64.008523,60.952814,125.0703183,1.244544774,20.84505306
LiMg,Li-Mg,164,P-3m1,-6.888064,24.81,5.901,16.131,0.391,2.81,4,-0.0372115,21.4325,3.13622,3.13622,10.117225,90,90,120.000021,86.1796946,1.204116675,21.54492365
LiMg,Li-Mg,187,P-6m2,-10.323281,23.948,5.882,16.204,0.388,5.899,6,-0.035742333,21.60166667,3.135932,3.135932,15.198304,90,90,119.994988,129.4437415,1.202496229,21.57395692
LiMg,Li-Mg,51,Pmma,-6.972423,23.638,12.561,30.294,0.279,1.115,4,-0.05830125,20.9225,3.052391,5.025685,5.380485,90,90,90,82.53854259,1.25723576,20.63463565
LiMg2,Li-Mg,12,C2/m,-10.238068,30.531,37.298,79.503,0.066,0.841,6,-0.107637667,20.75,5.885792,5.885792,7.377049,75.29885,75.29885,31.578516,129.090173,1.429149927,21.51502883
LiMg2,Li-Mg,139,I4/mmm,-5.108257,30.5,28.806,65.673,0.141,1.135,3,-0.104045333,20.75,3.453835,5.7053,3.464917,72.19887,90,107.619044,61.63541711,1.496616881,20.54513904
LiMg2,Li-Mg,12,C2/m,-10.186664,30.218,35.196,76.037,0.081,0.892,6,-0.099070333,20.945,5.63523,5.63523,7.141238,71.662424,71.662424,35.465677,124.1936315,1.485496552,20.69893858
LiMg2,Li-Mg,63,Cmcm,-10.13851,29.849,24.185,56.807,0.183,1.511,6,-0.091044667,20.92333333,8.262477,8.262477,5.027622,90,90,158.122793,127.8932879,1.44252458,21.31554798
LiMg2,Li-Mg,63,Cmcm,-10.138343,29.848,24.185,56.806,0.183,1.511,6,-0.091016833,20.92333333,8.247798,8.247798,5.017376,90,90,158.047318,127.5966726,1.445877918,21.2661121
LiMg2,Li-Mg,8,Cm,-10.120118,29.757,29.647,66.699,0.126,1.084,6,-0.087979333,21.15,5.933601,5.933601,7.339676,74.991798,74.991798,31.053591,128.3947532,1.43689058,21.39912553
LiMg2,Li-Mg,189,P-62m,-10.070469,29.259,13.357,34.759,0.302,2.353,6,-0.0797045,21.61,5.414996,5.414996,5.046845,90,90,119.999986,128.1583371,1.439541239,21.35972285
LiMg2,Li-Mg,15,C2/c,-10.065581,29.025,17.468,43.571,0.25,1.874,6,-0.078889833,21.53333333,5.407581,5.407581,5.985075,62.246038,62.246038,59.921451,127.7098251,1.444596853,21.28497085
LiMg2,Li-Mg,63,Cmcm,-10.100192,28.748,22.856,54.201,0.186,1.283,6,-0.084658333,21.50166667,5.400661,5.400661,5.052332,90,90,120.353729,127.1619859,1.450820463,21.19366432
LiMg2,Li-Mg,187,P-6m2,-10.001572,28.392,11.453,25.593,0.35,1.123,6,-0.068221667,21.73666667,3.122475,3.122475,15.235435,90,90,120.000013,128.6421865,1.434126832,21.44036441
LiMg2,Li-Mg,63,Cmcm,-10.008598,28.071,17.254,42.687,0.247,2.067,6,-0.069392667,21.84333333,8.275121,8.275121,5.139652,90,90,158.323692,129.9975761,1.419174241,21.66626268
LiMg2,Li-Mg,164,P-3m1,-9.931996,27.931,16.257,40.781,0.257,1.928,6,-0.056625667,21.98166667,3.149946,3.149946,15.229897,90,90,120.000021,130.8680701,1.409734332,21.81134502
LiMg3,Li-Mg,225,Fm-3m,-26.220913,32.108,21.163,51.267,0.234,2.229,16,-0.083148812,21.619375,6.96737,6.967371,6.967371,90,90,90,338.2258114,1.568230493,21.13911321
LiMg3,Li-Mg,194,P6_3/mmc,-13.179537,31.462,28.214,65.162,0.155,1.128,8,-0.091783875,21.78,6.271042,6.271042,5.064947,90,90,120.000005,172.4983304,1.537452651,21.5622913
LiMg3,Li-Mg,139,I4/mmm,-6.56045,31.338,12.803,30.898,0.336,23.937,4,-0.08445425,21.6125,5.322688,5.322688,5.322688,129.436116,129.436116,74.309849,87.68360185,1.512301102,21.92090046
LiMg3,Li-Mg,221,Pm-3m,-6.535894,31.013,24.979,59.027,0.183,1.337,4,-0.07831525,21.86,4.411069,4.411069,4.411069,90,90,90,85.82850618,1.544987949,21.45712654
LiMg3,Li-Mg,25,Pmm2,-6.539522,30.8,26.922,62.524,0.162,1.195,4,-0.07922225,21.875,3.169856,5.049862,5.409729,90,90,90,86.59533157,1.531306657,21.64883289
LiMg3,Li-Mg,187,P-6m2,-6.512462,30.584,16.893,42.688,0.267,2.106,4,-0.07245725,21.95,3.146174,3.146174,10.1216,90,90,120.000341,86.76482381,1.5283153,21.69120595
LiMg3,Li-Mg,44,Imm2,-6.54564,30.334,14.17,36.715,0.299,2.455,4,-0.08075175,21.9075,5.956162,5.956162,5.956162,149.438637,125.490225,63.790849,86.60672262,1.53110525,21.65168066
LiMg5,Li-Mg,38,Amm2,-9.588816,32.84,22.322,54.491,0.224,1.66,6,-0.0855265,22.22833333,8.304608,8.304608,5.121133,90,90,158.144435,131.4801478,1.622471645,21.91335797
LiMg5,Li-Mg,8,Cm,-9.600253,32.724,22.875,55.606,0.217,1.551,6,-0.087432667,22.155,5.972303,5.972303,7.479109,75.972421,75.972421,30.604635,131.4561615,1.622767691,21.90936025
LiMg5,Li-Mg,189,P-62m,-9.60598,32.678,19.598,48.998,0.25,1.67,6,-0.088387167,22.23166667,5.472994,5.472994,5.069956,90,90,119.999996,131.5178736,1.622006241,21.9196456
LiMg5,Li-Mg,187,P-6m2,-9.531502,32.005,13.885,36.33,0.311,2.634,6,-0.075974167,22.24666667,3.172874,3.172874,15.118727,90,90,120.000178,131.8106814,1.618403072,21.9684469
LiMg7,Li-Mg,187,P-6m2,-12.668719,33.647,29.655,68.741,0.16,1.186,8,-0.09250475,22.42125,6.306181,6.306181,5.108738,90,90,119.99999,175.9451062,1.671212244,21.99313828
Lu5Mg24,Lu-Mg,217,I-43m,-59.145147,40.608,14.355,38.514,0.342,2.998,29,-0.091334908,24.0262069,9.629294,9.629312,9.629313,109.47128,109.471233,109.471226,687.3258736,3.522817103,23.70089219
LuMg,Lu-Mg,221,Pm-3m,-6.06497,47.623,30.548,74.864,0.238,2.054,2,-0.093214334,25.995,3.71551,3.71551,3.71551,90,90,90,51.29266344,6.451194356,25.64633172
LuMg3,Lu-Mg,221,Pm-3m,-9.085341,42.197,20.321,50.891,0.299,4.242,4,-0.088443917,24.4275,4.588197,4.588214,4.588197,90,90,90,96.58903144,4.261537141,24.14725786
LuMg3,Lu-Mg,225,Fm-3m,-9.095114,39.972,31.276,74.233,0.19,1.458,4,-0.090887167,23.975,5.108751,5.108751,5.108751,60,60,60,94.28207803,4.365811122,23.57051951
Mg13Al14,Al-Mg,229,Im-3m,-70.448323,50.435,12.106,31.58,0.396,69.302,27,-0.005758556,19.54037037,8.83114,8.83114,8.83114,109.471221,109.471221,109.471221,530.186181,2.172683582,19.63652522
Mg13Al16,Al-Mg,217,I-43m,-79.115485,52.559,18.722,50.2,0.341,2.906,29,-0.049311897,19.52896552,9.026933,9.026933,9.026933,109.471221,109.471221,109.471221,566.2376162,2.192603553,19.52543504
Mg13Ir3,Ir-Mg,167,R-3c,-100.462755,60.066,28.203,73.16,0.297,2.137,32,-0.329509969,19.815625,9.639325,9.639325,9.639325,111.913593,111.913598,111.913595,619.3514999,4.786373295,19.35473437
Mg149Cl,Cl-Mg,187,P-6m2,-226.850797,35.511,14.091,37.306,0.325,2.754,150,-0.094146952,22.98306667,15.913668,15.913698,15.613468,90,90,120.000062,3424.29479,1.773335055,22.82863194
Mg149Rh,Mg-Rh,187,P-6m2,-232.669113,36.256,17.146,44.412,0.296,2.255,150,-0.0861278,22.78053333,15.899986,15.899992,15.6607,90,90,120.000016,3428.746782,1.803699688,22.85831188
Mg15Sb,Mg-Sb,187,P-6m2,-27.21771,37.823,9.557,26.423,0.384,4.44,16,-0.100890281,23.01125,6.355007,6.355007,10.289028,90,90,120.000118,359.8624448,2.244130441,22.4914028
Mg16Al13,Al-Mg,160,R3m,-73.4947,51.027,29.341,73.846,0.259,1.817,29,-0.090297276,19.97517241,9.107304,9.107304,9.107303,109.722706,109.722706,109.722708,576.0191463,2.132222733,19.86272918
Mg16Al13,Al-Mg,8,Cm,-73.590348,50.751,28.684,72.4,0.262,1.828,29,-0.093595483,19.90862069,9.103367,9.103367,9.046381,71.140048,71.140048,110.565918,577.88788,2.125327699,19.92716827
Mg17Al12,Al-Mg,217,I-43m,-71.499076,50.625,39.724,94.451,0.189,1.312,29,-0.099751172,20.12344828,9.038245,9.038245,9.038245,109.471221,109.471221,109.471221,568.3690027,2.153102325,19.59893113
Mg21Zn25,Mg-Zn,167,R-3c,-129.659687,54.811,25.252,65.67,0.3,2.176,92,-0.152535141,17.67097826,15.042428,15.042429,15.042429,116.407475,116.407476,116.407476,1634.633199,4.359268415,17.76775217
Mg23Al30,Al-Mg,148,R-3,-148.225923,55.791,21.899,58.043,0.327,2.812,53,-0.085418434,19.28075472,10.329306,10.329306,10.329306,76.525361,76.525361,76.525364,1023.461995,2.220290764,19.31060367
Mg26Ag7,Ag-Mg,202,Fm-3,-124.298543,46.31,7.218,20.585,0.426,6.615,66,-0.176169364,20.95727273,12.521423,12.521423,12.521423,60,60,60,1388.181004,3.318270409,21.03304551
Mg29Ir4,Ir-Mg,216,F-43m,-256.148142,52.902,27.679,70.701,0.277,1.953,99,-0.266498485,20.42353535,14.060027,14.060027,14.060028,59.999998,59.999999,60,1965.366198,3.735422964,19.85218382
Mg2Ag,Ag-Mg,63,Cmcm,-12.410906,52.066,29.495,73.995,0.263,2.235,6,-0.2009825,19.65333333,7.26159,7.26159,4.708535,90,90,152.454192,114.8209574,4.525971043,19.13682623
Mg2Ag,Ag-Mg,12,C2/m,-12.507199,51.449,36.551,88.51,0.213,1.573,6,-0.217031333,19.735,3.238766,5.565583,7.348885,71.873686,90,106.915664,119.8488735,4.336096894,19.97481226
Mg2Ag,Ag-Mg,63,Cmcm,-12.493879,50.992,42.71,100.111,0.173,1.265,6,-0.214811333,19.845,5.625502,5.625502,4.836937,90,90,128.718136,119.4309889,4.351268738,19.90516482
Mg2As,As-Mg,71,Immm,-17.512325,45.617,22.879,58.806,0.285,1.992,6,-0.423094583,21.21833333,6.85569,6.85569,6.85569,147.52016,131.704308,59.411614,128.078463,3.203177848,21.3464105
Mg2As,As-Mg,63,Cmcm,-17.445349,32.778,16.481,42.342,0.285,2.042,6,-0.411931917,27.79333333,8.879389,8.879389,4.586183,90,90,152.491583,167.0112308,2.456470104,27.83520513
Mg2Au,Au-Mg,62,Pnma,-31.124913,58.114,25.908,67.66,0.306,2.33,12,-0.52943675,19.44,4.337625,6.198232,8.499671,90,90,90,228.5187886,7.137959889,19.04323238
Mg2Bi,Bi-Mg,155,R32,-14.126145,40.949,12.983,35.221,0.357,3.305,6,-0.104247718,25.83833333,6.318697,6.318697,6.318697,54.595301,54.595301,54.595295,155.9197939,5.486653254,25.98663232
Mg2Bi,Bi-Mg,189,P-62m,-13.973706,40.427,5.268,15.033,0.438,13.55,6,-0.078841218,26.11166667,5.787311,5.787311,5.423158,90,90,119.999988,157.3028448,5.438413057,26.21714079
Mg2Bi,Bi-Mg,12,C2/m,-14.269759,40.294,9.329,25.678,0.394,7.461,6,-0.128183385,25.93333333,6.213325,6.213325,8.313718,68.738863,68.738863,31.760176,156.4732514,5.467246557,26.07887523
Mg2Bi,Bi-Mg,12,C2/m,-14.01296,39.076,16.168,42.611,0.318,2.56,6,-0.085383552,26.23,6.710659,6.710659,7.540647,73.657979,73.657979,28.989436,157.4723518,5.432559016,26.24539197
Mg2Bi,Bi-Mg,38,Amm2,-28.538308,38.371,17.995,46.477,0.298,2.653,12,-0.128082552,26.07,5.28511,3.404985,17.360347,90,90,90,312.4120045,5.476600339,26.03433371
Mg2Bi,Bi-Mg,63,Cmcm,-13.943841,38.057,18.08,46.694,0.296,2.489,6,-0.073863718,26.44,8.075683,8.075683,5.595164,90,90,154.317029,158.143568,5.409501352,26.35726133
Mg2Bi,Bi-Mg,63,Cmcm,-14.112615,37.772,6.659,18.866,0.417,5.954,6,-0.101992718,25.91333333,8.410375,8.410375,5.724383,90,90,157.248802,156.5912534,5.46312662,26.09854223
Mg2Bi,Bi-Mg,12,C2/m,-14.380816,32.881,9.648,24.911,0.378,23.349,6,-0.146692885,26.80666667,6.287847,6.287847,7.996108,68.865498,68.865498,32.423714,157.1045208,5.445278343,26.1840868
Mg2C3,C-Mg,58,Pnnm,-59.743935,90.303,46.274,118.457,0.282,2.141,10,0.1187421,12.731,3.742188,5.291497,6.44793,90,90,90,127.6804692,2.201613365,12.76804692
Mg2Cd,Cd-Mg,12,C2/m,-8.030153,40.763,21.492,54.491,0.277,2.442,6,-0.160656167,22.005,6.02912,6.02912,7.373136,74.507136,74.507136,29.926349,128.496755,4.161687368,21.41612583
Mg2Cd,Cd-Mg,15,C2/c,-7.971054,40.418,21.837,55.501,0.271,1.927,6,-0.150806333,21.98,5.352514,5.352514,6.150438,62.04542,62.04542,59.466087,127.7559995,4.185817684,21.29266659
Mg2Cd,Cd-Mg,189,P-62m,-7.906048,40.407,12.884,34.857,0.356,3.754,6,-0.139972,22.045,5.426125,5.426123,5.034746,90,90,119.999997,128.3771154,4.165565805,21.3961859
Mg2Cd,Cd-Mg,63,Cmcm,-7.979998,40.347,16.414,43.028,0.322,3.37,6,-0.152297,22.08,8.120138,8.120138,4.993673,90,90,156.9883,128.7163774,4.154586488,21.45272956
Mg2Cd,Cd-Mg,12,C2/m,-7.909441,40.125,19.567,50.339,0.291,2.441,6,-0.1405375,22.23333333,6.127179,6.127179,7.305284,74.540408,74.540408,29.445114,129.6004346,4.126246365,21.60007243
Mg2Cd,Cd-Mg,38,Amm2,-7.920635,40.066,20.961,53.516,0.277,2.049,6,-0.142403167,22.14833333,8.255618,8.255618,4.961549,90,90,157.616322,128.7719791,4.152792603,21.46199651
Mg2Cd,Cd-Mg,8,Cm,-7.940795,39.881,15.19,40.337,0.331,3.113,6,-0.145763167,22.195,5.892634,5.892634,7.403324,76.593218,76.593218,31.144603,129.0459216,4.14397693,21.5076536
Mg2Cd,Cd-Mg,63,Cmcm,-7.840223,39.743,19.525,50.297,0.289,2.204,6,-0.129001167,22.34666667,8.139594,8.139594,5.125873,90,90,157.351082,130.7760076,4.089154668,21.79600127
Mg2Cd,Cd-Mg,155,R32,-7.901267,39.343,10.366,28.313,0.38,5.944,6,-0.139175167,22.16166667,5.959825,5.959825,5.959825,53.988596,53.988596,53.988613,128.6687891,4.156123066,21.44479818
Mg2Cu,Cu-Mg,70,Fddd,-28.387079,55.716,32.694,81.989,0.255,1.823,12,-0.188571583,18.21583333,5.17132,5.171319,9.463868,97.99124,97.991241,119.416978,211.9179859,3.515311243,17.65983215
Mg2Cu,Cu-Mg,140,I4/mcm,-14.158564,55.251,33.845,84.267,0.246,1.748,6,-0.182742333,18.25333333,5.214667,5.214667,5.214667,120.314828,104.250788,104.423216,106.1794502,3.508012506,17.69657503
Mg2Cu,Cu-Mg,72,Ibam,-14.164266,55.013,30.591,77.39,0.266,1.904,6,-0.183692667,18.26,5.289371,5.289371,5.289371,120.617075,107.099047,101.342745,110.4016998,3.373850582,18.4002833
Mg2Ga,Ga-Mg,190,P-62c,-37.975126,43.757,16.844,44.773,0.33,2.75,18,-0.184221639,20.325,7.648649,7.648648,6.983073,90,90,120.000038,353.7907143,3.332420464,19.65503968
Mg2Ga,Ga-Mg,12,C2/m,-12.455337,42.731,24.523,61.733,0.259,1.838,6,-0.150381917,20.54833333,5.869889,5.869889,7.634951,70.453896,70.453896,30.189776,124.091021,3.166974818,20.68183684
Mg2Ga,Ga-Mg,12,C2/m,-12.461814,42.529,17.809,46.578,0.318,3.173,6,-0.151461417,20.52833333,5.792833,5.792833,7.697454,70.937204,70.937204,30.272187,122.533104,3.207240541,20.422184
Mg2Ga,Ga-Mg,8,Cm,-12.342539,41.95,15.832,41.404,0.336,4.678,6,-0.13158225,21.005,5.920755,5.920755,7.205706,78.577393,78.577393,30.304384,124.7479016,3.150298593,20.79131693
Mg2Ga,Ga-Mg,63,Cmcm,-12.360591,41.919,40.581,88.955,0.146,0.725,6,-0.134590917,20.62166667,7.894486,7.894486,5.045348,90,90,157.672873,119.4542053,3.289906267,19.90903422
Mg2Ga,Ga-Mg,15,C2/c,-12.36247,41.774,27.78,68.193,0.228,1.584,6,-0.134904083,20.48833333,5.173694,5.173694,6.145588,60.88972,60.88972,60.78778,118.5628453,3.314639909,19.76047422
Mg2Ga,Ga-Mg,63,Cmcm,-12.192582,41.719,19.139,49.673,0.302,2.568,6,-0.106589417,20.95,7.989065,7.989065,5.322921,90,90,158.184733,126.2511853,3.112787717,21.04186421
Mg2Ga,Ga-Mg,12,C2/m,-12.313728,41.697,21.275,54.448,0.282,2.23,6,-0.126780417,20.81166667,5.978725,5.978725,6.884756,75.396091,75.396091,31.62124,124.5198995,3.156066944,20.75331659
Mg2Ga,Ga-Mg,155,R32,-12.23749,41.478,83.518,112.714,0.047,0.256,6,-0.114074083,20.70833333,5.746037,5.746037,5.746037,55.465213,55.465213,55.465202,120.023171,3.27431058,20.00386184
Mg2Ga,Ga-Mg,63,Cmcm,-12.394433,41.186,36.146,81.594,0.17,0.817,6,-0.14023125,20.385,8.129364,8.129364,4.976444,90,90,158.161666,122.3382593,3.212348622,20.38970989
Mg2Ga,Ga-Mg,38,Amm2,-12.227772,41.174,20.456,52.632,0.287,2.125,6,-0.112454417,20.72333333,7.984067,7.984067,4.760131,90,90,155.90432,123.8813123,3.172335936,20.64688538
Mg2Ga,Ga-Mg,63,Cmcm,-12.345822,40.762,12.811,34.777,0.358,2.988,6,-0.132129417,20.62333333,5.572825,5.572825,4.945901,90,90,125.957181,124.3338983,3.160788363,20.72231638
Mg2Ga5,Ga-Mg,139,I4/mmm,-36.800522,51.702,17.855,46.978,0.349,5.647,14,-0.132820464,19.38142857,7.019493,7.019493,7.012251,104.672789,104.672787,119.601749,259.5491863,5.082717769,18.5392276
Mg2Ge,Ge-Mg,194,P6_3/mmc,-15.822052,50.852,16.731,45.224,0.352,3.18,6,-0.219804167,19.675,4.73686,4.73686,6.098868,90,90,119.999999,118.5116252,3.39781623,19.75193754
Mg2Ge,Ge-Mg,225,Fm-3m,-8.350907,50.674,43.078,100.7,0.169,1.176,3,-0.366431167,21.98666667,4.503274,4.503275,4.503274,60.000012,60.000005,60.000006,64.57586864,3.117888556,21.52528955
Mg2Hg,Hg-Mg,62,Pnma,-15.315937,43.769,19.42,50.753,0.307,2.243,12,-0.282967583,21.60083333,4.632062,6.163078,8.764724,90,90,90,250.2132141,6.6152595,20.85110118
Mg2In,In-Mg,189,P-62m,-17.537899,39.398,10.633,28.887,0.378,6.326,9,-0.148413778,23.26222222,8.358928,8.35893,3.346842,90,90,120.000001,202.5196247,4.020033796,22.50218052
Mg2Ir3,Ir-Mg,12,C2/m,-156.490393,169.851,57.418,154.745,0.348,3.177,25,-0.40609852,16.5972,5.184343,8.521799,9.656212,96.649818,105.571814,90,407.9717078,12.72478333,16.31886831
Mg2Ni,Mg-Ni,140,I4/mcm,-18.038159,66.746,36.612,92.844,0.268,1.885,6,-0.2303135,17.03,5.099679,6.156888,5.100481,127.129584,62.381412,127.138541,100.5372625,3.544586024,16.75621041
Mg2Ni,Mg-Ni,180,P6_222,-54.157729,64.861,34.369,87.619,0.275,1.943,18,-0.232716389,17.16722222,5.151144,5.151144,13.071141,90,90,119.999998,300.3664834,3.559281694,16.68702686
Mg2Ni,Mg-Ni,9,Cc,-33.467186,53.699,23.349,61.164,0.31,2.422,12,-0.012885833,19.29666667,6.056503,6.075112,7.456594,113.27825,113.854544,90.1033,226.1889391,3.151020353,18.84907826
Mg2P,Mg-P,63,Cmcm,-19.025388,55.333,33.138,82.837,0.251,1.77,6,-0.418738357,18.915,5.679545,5.679545,5.57705,90,90,140.86545,113.5428646,2.327789533,18.92381077
Mg2P,Mg-P,71,Immm,-19.011691,52.396,25.288,65.25,0.293,2.339,6,-0.416455524,19.52333333,3.744399,6.634187,5.466361,65.911564,90,106.391845,117.8934267,2.241888281,19.64890445
Mg2Pb,Mg-Pb,62,Pnma,-26.827032,36.931,14.55,38.573,0.326,2.672,12,-0.148812,25.58083333,4.471251,7.652636,8.644763,90,90,90,295.796601,5.744251248,24.64971675
Mg2Pb,Mg-Pb,225,Fm-3m,-6.720563,36.725,22.481,56.015,0.246,1.635,3,-0.153413667,27.46333333,4.82822,4.82822,4.82822,60,60,59.999996,79.58774374,5.337285349,26.52924791
Mg2Pd,Mg-Pd,227,Fd-3m,-78.837259,69.05,30.31,79.323,0.309,2.3,24,-0.583817458,18.51041667,8.499976,8.499977,8.499977,59.999999,59.999997,60.000002,434.2483771,4.742601425,18.09368238
Mg2Pd,Mg-Pd,139,I4/mmm,-9.780738,62.634,32.509,82.977,0.28,2.213,3,-0.559177667,18.10333333,5.536399,5.536399,5.536399,145.971005,145.971005,48.889832,52.91078497,4.865423404,17.63692832
Mg2Pt,Mg-Pt,140,I4/mcm,-22.484437,72.416,40.618,102.585,0.264,1.926,6,-0.846820833,19.11666667,5.272423,5.272422,5.272423,106.579782,106.57978,115.423123,111.9033316,7.232374613,18.65055527
Mg2Rh,Mg-Rh,139,I4/mmm,-11.485721,63.037,42.092,103.281,0.228,1.53,3,-0.477680667,17.34,3.171901,3.171901,5.529591,106.667195,106.667177,89.999977,50.85102666,4.94773505,16.95034222
Mg2Ru,Mg-Ru,63,Cmcm,-23.666569,62.901,20.139,54.483,0.356,3.677,6,0.092520333,20.89,5.3772,5.3772,4.367576,90,90,102.470502,123.3059257,4.031428109,20.55098762
Mg2Sb,Mg-Sb,155,R32,-14.847542,44.295,15.485,41.593,0.344,3.048,6,-0.121653833,24.055,6.231791,6.231791,6.231791,53.62955,53.62955,53.629556,145.6313594,3.885235185,24.27189323
Mg2Sb,Mg-Sb,189,P-62m,-14.611759,44.094,3.162,9.235,0.465,22.421,6,-0.082356667,24.23166667,5.64632,5.64632,5.274101,90,90,119.999994,145.6163028,3.885636916,24.26938379
Mg2Sb,Mg-Sb,194,P6_3/mmc,-14.434926,43.82,13.039,35.52,0.365,3.96,6,-0.0528845,24.565,3.316256,3.316256,15.474705,90,90,120.000001,147.3835852,3.83904409,24.56393086
Mg2Sb,Mg-Sb,63,Cmcm,-14.923974,43.604,32.23,73.316,0.219,0.853,6,-0.1343925,24.085,5.438866,5.438866,5.434042,90,90,115.758477,144.7731495,3.908266715,24.12885825
Mg2Sb,Mg-Sb,15,C2/c,-15.202247,43.309,15.955,42.608,0.336,2.928,6,-0.180771333,23.665,5.535027,5.535027,6.920366,56.631995,56.631995,60.90364,142.652996,3.966352599,23.77549934
Mg2Sb,Mg-Sb,12,C2/m,-15.316546,43.307,11.45,31.153,0.38,6.524,6,-0.199821167,24.21333333,6.620475,6.620475,7.305618,73.619866,73.619866,28.297305,145.2332514,3.895885247,24.2055419
Mg2Sb,Mg-Sb,187,P-6m2,-14.372278,42.619,10.495,29.032,0.386,4.943,6,-0.042443167,24.595,3.313236,3.313236,15.560948,90,90,120.000008,147.9351904,3.824729463,24.65586507
Mg2Sb,Mg-Sb,12,C2/m,-15.113766,42.145,10.049,27.418,0.392,8.734,6,-0.1660245,24.37333333,5.929759,5.929759,7.807807,69.222733,69.222733,34.865666,145.6895362,3.883683731,24.28158937
Mg2Sb,Mg-Sb,71,Immm,-15.522776,40.543,22.918,57.853,0.262,1.774,6,-0.234192833,24.76333333,7.168211,7.168211,7.168211,147.305079,130.844803,60.292586,149.1472887,3.793646445,24.85788145
Mg2Sb,Mg-Sb,63,Cmcm,-14.750892,38.733,11.17,30.167,0.371,5.871,6,-0.1055455,24.94833333,7.910812,7.910812,5.407711,90,90,154.114525,147.7451344,3.829649509,24.62418907
Mg2Sb,Mg-Sb,38,Amm2,-14.982891,38.035,18.143,46.891,0.295,2.368,6,-0.144212,24.29666667,9.152739,9.152739,4.909574,90,90,159.235178,145.8151285,3.880338669,24.30252141
Mg2Sb,Mg-Sb,12,C2/m,-15.274611,36.45,8.98,24.801,0.386,3.268,6,-0.192832,24.705,6.151436,6.151436,7.508102,67.357376,67.357376,34.578568,147.5538743,3.834613522,24.59231238
Mg2Sc,Mg-Sc,63,Cmcm,-18.684702,43.571,23.982,60.741,0.268,1.977,6,-0.070662,23.33833333,8.397747,8.397747,5.161581,90,90,157.548395,139.0148936,2.235297934,23.16914893
Mg2Sc,Mg-Sc,12,C2/m,-18.628925,42.842,20.45,52.829,0.294,2.398,6,-0.061365833,23.52666667,6.128612,6.128612,7.660135,75.827307,75.827307,30.207584,140.0261775,2.219154374,23.33769625
Mg2Si,Mg-Si,62,Pnma,-34.959014,56.619,20.731,54.76,0.339,4.226,12,-0.185642833,19.7475,4.181316,6.994951,7.990033,90,90,90,233.693286,2.179880751,19.4744405
Mg2Si,Mg-Si,225,Fm-3m,-8.908272,54.752,45.395,106.697,0.175,1.206,3,-0.241815667,21.43,4.482799,4.482799,4.4828,60.000009,60.000008,60.000016,63.69904838,1.999337152,21.23301613
Mg2Si,Mg-Si,129,P4/nmm,-17.278852,53.996,81.128,145.668,0.048,0.399,6,-0.152200333,20.075,4.193237,4.193237,6.872002,90,90,90,120.8320367,2.107981915,20.13867278
Mg2Sn,Mg-Sn,194,P6_3/mmc,-14.434176,42.917,9.072,25.331,0.402,6.263,6,-0.255558833,23.20166667,5.058418,5.058418,6.273907,90,90,120.000006,139.0266914,3.996950426,23.17111523
Mg2Sn,Mg-Sn,15,C2/c,-14.367923,42.434,31.382,71.97,0.217,0.875,6,-0.244516667,23.50166667,5.617591,5.617591,6.1797,62.275748,62.275748,60.673781,143.2083769,3.880239446,23.86806282
Mg2Sn,Mg-Sn,12,C2/m,-14.271391,42.175,14.5,38.984,0.346,3.266,6,-0.228428,23.78833333,6.041849,6.041849,7.79145,72.544035,72.544035,31.842043,142.5660594,3.897721489,23.7610099
Mg2Sn,Mg-Sn,189,P-62m,-14.186583,41.915,22.202,56.602,0.275,1.954,6,-0.214293333,23.695,5.807559,5.807559,4.944537,90,90,120.000012,144.4253675,3.847542872,24.07089458
Mg2Sn,Mg-Sn,225,Fm-3m,-7.406274,41.9,28.107,68.911,0.226,1.501,3,-0.318620833,26.28333333,4.780259,4.780259,4.78026,59.99999,59.999991,59.999989,77.23947961,3.597142265,25.7464932
Mg2Sn,Mg-Sn,187,P-6m2,-13.923224,41.343,16.464,43.578,0.324,2.717,6,-0.170400167,24.255,3.308509,3.308509,15.260434,90,90,120.000018,144.6645265,3.841182124,24.11075442
Mg2Sn,Mg-Sn,63,Cmcm,-14.394548,41.324,28.55,67.581,0.227,1.006,6,-0.248954167,23.53666667,8.111051,8.111051,5.148778,90,90,155.302565,141.5318784,3.926202347,23.58864641
Mg2Tl,Mg-Tl,189,P-62m,-16.024195,37.645,11.771,31.768,0.359,4.437,9,-0.087982778,23.86666667,8.055039,8.055037,3.698304,90,90,119.999994,207.8109869,6.064721569,23.09010966
Mg2Zn,Mg-Zn,12,C2/m,-8.615526,44.85,27.525,68.528,0.245,1.713,6,-0.113493333,19.66,5.909015,5.909015,6.50079,74.587252,74.587252,31.567912,114.206564,3.315623853,19.03442733
Mg2Zn,Mg-Zn,15,C2/c,-8.747938,44.733,14.241,38.35,0.359,4.49,6,-0.135562,19.98333333,5.132465,5.132465,5.921391,61.978173,61.978173,60.271399,113.7237373,3.329700699,18.95395622
Mg2Zn,Mg-Zn,63,Cmcm,-8.495126,43.166,7.299,20.679,0.42,4.834,6,-0.093426667,19.69666667,5.376002,5.376002,4.738737,90,90,124.3046,113.1330092,3.347086851,18.85550154
Mg3Ag,Ag-Mg,194,P6_3/mmc,-15.57216,48.953,39.688,93.73,0.181,1.251,8,-0.189265625,20.2025,6.111736,6.111737,4.882956,89.999998,90,120.001096,157.95663,3.801012547,19.74457875
Mg3As2,As-Mg,164,P-3m1,-16.924774,53.371,22.936,60.017,0.313,2.774,5,-0.6755057,21.606,4.260979,4.260979,6.738385,90,90,119.999981,105.9510805,3.491221533,21.19021609
Mg3As2,As-Mg,206,Ia-3,-136.139473,49.445,26.239,66.879,0.275,1.939,40,-0.694037725,24.1875,10.705958,10.705959,10.705957,109.471224,109.471225,109.471215,944.6147476,3.132694631,23.61536869
Mg3As2,As-Mg,224,Pn-3m,-32.37816,49.223,31.869,78.636,0.234,1.546,10,-0.5283669,24.013,6.21955,6.21955,6.21955,90,90,90,240.5896224,3.074934735,24.05896224
Mg3Au,Au-Mg,194,P6_3/mmc,-18.73292,59.121,31.884,80.947,0.272,2.087,8,-0.4367575,20.44125,4.663423,4.663423,8.476854,90,90,119.987774,159.6718621,5.61337336,19.95898277
Mg3Au,Au-Mg,165,P-3c1,-56.557269,58.489,35.019,87.56,0.25,1.737,24,-0.451695375,20.33625,7.981896,7.981895,8.435051,90,90,119.999994,465.4043467,5.777542369,19.39184778
Mg3Au,Au-Mg,185,P6_3cm,-56.563273,58.398,35.673,88.897,0.246,1.698,24,-0.451945542,20.32041667,8.028053,8.028054,8.509307,90,90,120.000003,474.9472034,5.661457342,19.78946681
Mg3Au,Au-Mg,194,P6_3/mmc,-17.127142,44.975,16.011,42.873,0.342,3.237,8,-0.23603525,22.01625,4.645187,4.645187,9.468551,90,90,119.99999,176.937814,5.065608967,22.11722675
Mg3Au13,Au-Mg,99,P4mm,-51.566508,121.856,35.385,96.762,0.368,3.651,16,-0.241771875,17.753125,4.078081,4.078081,16.697203,90,89.999993,90,277.686982,15.74793693,17.35543638
Mg3Bi,Bi-Mg,194,P6_3/mmc,-17.491618,39.661,15.787,41.797,0.324,2.681,8,-0.142241914,24.59875,6.380637,6.380637,5.487998,90,90,120.000007,193.4963012,4.83831806,24.18703766
Mg3Bi,Bi-Mg,139,I4/mmm,-8.756645,38.965,7.999,22.36,0.404,6.695,4,-0.144950914,24.6075,5.777798,5.777798,5.777798,134.514483,134.514483,66.285527,96.54834713,4.848330793,24.13708678
Mg3Bi,Bi-Mg,221,Pm-3m,-8.796878,38.832,8.788,24.412,0.395,5.914,4,-0.155009164,24.745,4.582953,4.582953,4.582953,90,90,90,96.25786681,4.86296175,24.0644667
Mg3Bi,Bi-Mg,225,Fm-3m,-8.427027,37.992,10.343,26.573,0.383,1.906,4,-0.062546414,25.5575,5.26412,5.26412,5.26412,60,60,60,103.1483684,4.538106922,25.78709209
Mg3Bi2,Bi-Mg,206,Ia-3,-106.845931,31.9,14.678,38.174,0.301,2.249,40,-0.256318937,32.285,11.78993,11.78993,11.78993,109.471221,109.471221,109.471221,1261.571206,5.16890962,31.53928015
Mg3Cd,Cd-Mg,194,P6_3/mmc,-11.176069,40.055,27.611,67.357,0.22,1.442,8,-0.157103625,21.95375,6.300253,6.300262,4.946935,90,90,120.00004,170.0525846,3.619363548,21.25657308
Mg3Cd,Cd-Mg,44,Imm2,-5.491211,39.147,17.605,45.908,0.305,2.374,4,-0.13289775,22.245,5.924849,5.924849,5.924849,148.730153,125.995114,63.739798,86.45296921,3.559635555,21.6132423
Mg3Cd,Cd-Mg,139,I4/mmm,-5.4843,38.727,19.658,50.421,0.283,2.083,4,-0.13117,22.2175,5.352984,5.352984,5.352984,130.572509,130.572509,72.493159,86.49094479,3.558072626,21.6227362
Mg3Cd,Cd-Mg,187,P-6m2,-10.899826,38.537,19.486,49.968,0.284,2.193,4,-0.12257325,22.65375,3.182086,3.182086,10.027861,90,90,120.000795,87.93448563,3.499662969,21.98362141
Mg3Ga,Ga-Mg,221,Pm-3m,-7.781214,43.206,8.702,23.183,0.411,83.893,4,-0.144544813,20.5925,4.304658,4.304658,4.304658,90,90,90,79.76565925,2.969397778,19.94141481
Mg3Ga,Ga-Mg,194,P6_3/mmc,-15.566986,41.967,14.489,38.854,0.346,3.565,8,-0.145114563,20.56125,6.107353,6.107353,4.916337,90,90,120.000003,158.8101443,2.982882138,19.85126804
Mg3Ga,Ga-Mg,139,I4/mmm,-7.723034,41.409,32.102,76.527,0.192,1.306,4,-0.129999813,20.8275,5.266928,5.266928,5.266928,131.3965,131.3965,71.183876,80.49130865,2.942627911,20.12282716
Mg3Ga,Ga-Mg,44,Imm2,-15.405109,40.077,18.69,47.635,0.302,3.555,8,-0.124879938,21.065,3.220252,9.746117,5.218206,90,90,90,163.7731672,2.892488134,20.4716459
Mg3Ga,Ga-Mg,187,P-6m2,-7.601256,39.988,12.296,33.404,0.361,3.782,4,-0.099555312,21.38,3.171479,3.171479,9.77603,90,90,119.999977,85.15632564,2.78142545,21.28908141
Mg3Ga,Ga-Mg,25,Pmm2,-7.672636,38.93,14.237,37.816,0.339,3.745,4,-0.117400313,20.9875,3.28106,4.844804,5.104778,90,90,90,81.14603255,2.918885421,20.28650814
Mg3Ga,Ga-Mg,225,Fm-3m,-7.552534,35.413,12.205,28.521,0.366,1.329,4,-0.087374812,20.8125,4.935861,4.935861,4.935861,60,60,60,85.03032627,2.785547013,21.25758157
Mg3Hg,Hg-Mg,155,R32,-31.258805,41.481,7.392,20.394,0.418,18.509,24,-0.200801833,22.24083333,9.96089,9.960891,9.960889,48.956699,48.956695,48.956704,516.1427685,5.279536188,21.50594869
Mg3Hg,Hg-Mg,194,P6_3/mmc,-10.618036,41.386,13.236,35.849,0.356,3.505,8,-0.225606125,21.4075,6.248934,6.248934,4.86706,90,90,119.999997,164.5921693,5.518679767,20.57402117
Mg3Hg,Hg-Mg,221,Pm-3m,-5.264313,37.308,16.553,43.262,0.307,2.254,4,-0.214429875,21.56,4.354844,4.354844,4.354844,90,90,90,82.58818699,5.499161006,20.64704675
Mg3In,In-Mg,166,R-3m,-29.651379,39.947,23.419,58.772,0.255,1.714,16,-0.146401938,22.705,10.972276,10.972276,10.972276,33.279552,33.279552,33.279555,354.1148536,3.521320582,22.13217835
Mg3In,In-Mg,139,I4/mmm,-7.389339,39.75,29.294,70.55,0.204,1.359,4,-0.1405255,22.905,5.441978,5.441978,5.441978,131.212587,131.212587,71.475539,89.25539985,3.492651213,22.31384996
Mg3In,In-Mg,194,P6_3/mmc,-14.793749,38.924,11.26,30.743,0.368,4.132,8,-0.142409375,22.75875,6.31434,6.314337,5.109607,90,90,120.000024,176.4305216,3.533832783,22.0538152
Mg3Ir,Ir-Mg,194,P6_3/mmc,-29.32325,77.716,33.88,88.739,0.31,2.35,8,-0.39430875,18.78375,4.542967,4.542969,8.181659,90,90,120.000006,146.2349915,6.021295442,18.27937393
Mg3Ir,Ir-Mg,185,P6_3cm,-88.337943,76.149,28.645,76.361,0.333,2.664,24,-0.409650125,18.665,7.858116,7.858116,8.171676,90,90,120.000164,436.9964212,6.044837291,18.20818422
Mg3Mn,Mg-Mn,11,P2_1/m,-24.808183,52.874,29.198,73.657,0.27,2.248,8,0.226647573,18.24625,4.725154,4.73295,8.672218,76.144699,90,90,188.3016816,2.254945088,23.5377102
Mg3P2,Mg-P,206,Ia-3,-149.631701,57.843,31.554,80.09,0.269,1.882,40,-0.723503353,21.918,10.401487,10.401487,10.401487,109.471225,109.471225,109.471218,866.292214,2.068073439,21.65730535
Mg3P2,Mg-P,224,Pn-3m,-35.539269,57.75,38.314,94.127,0.228,1.507,10,-0.536637728,21.813,6.024428,6.024428,6.024428,90,90,90,218.6489797,2.048438461,21.86489797
Mg3Pb,Mg-Pb,194,P6_3/mmc,-16.588764,37.533,19.078,48.927,0.283,2.066,8,-0.151887,24.13125,6.343106,6.343106,5.349698,90,90,119.999996,186.4076869,4.990587119,23.30096087
Mg3Pb,Mg-Pb,139,I4/mmm,-8.264342,36.271,16.952,43.998,0.298,2.179,4,-0.144377,24.2525,5.587358,5.587358,5.587358,132.213313,132.213313,69.89233,93.82430558,4.957584261,23.45607639
Mg3Pd,Mg-Pd,185,P6_3cm,-68.714905,58.966,31.307,79.798,0.274,1.896,24,-0.480691792,19.56583333,8.01039,8.010391,8.27536,90.000032,90.000028,119.998694,459.8652694,3.88539157,19.16105289
Mg3Pd5,Mg-Pd,55,Pbam,-71.456899,109.738,33.955,92.053,0.36,4.001,16,-0.649751063,15.825,4.213559,5.468883,10.664864,90.000339,90,90,245.7553875,8.17602457,15.35971172
Mg3Pt,Mg-Pt,194,P6_3/mmc,-25.812349,71.148,20.111,55.124,0.371,3.752,8,-0.694476625,19.30375,4.586847,4.586848,8.293624,90,90,119.999996,151.1136274,5.889909691,18.88920343
Mg3Pt,Mg-Pt,185,P6_3cm,-77.927535,70.153,28.945,76.284,0.319,2.636,24,-0.714913625,19.15708333,7.896169,7.89617,8.331832,90,90,120.000007,449.8876005,5.935119912,18.74531669
Mg3Rh,Mg-Rh,185,P6_3cm,-78.753142,65.829,27.027,71.308,0.319,2.534,24,-0.411583167,18.84,7.883286,7.883286,8.207113,90,90,119.999996,441.7083619,3.965831315,18.40451508
Mg3Ru2,Mg-Ru,213,P4_132,-94.511269,110.032,53.34,137.748,0.291,2.118,20,-0.16652765,16.7995,6.905353,6.905353,6.905353,90,90,90,329.274231,5.548439933,16.46371155
Mg3Sb,Mg-Sb,194,P6_3/mmc,-18.445815,43.313,19.161,50.031,0.308,2.535,8,-0.1843965,23.01125,6.25866,6.25866,5.439521,90,90,119.999995,184.5244687,3.503767766,23.06555859
Mg3Sb,Mg-Sb,139,I4/mmm,-9.221174,43.197,18.502,48.527,0.313,2.571,4,-0.183963125,23.065,5.693584,5.693584,5.693584,134.501886,134.501886,66.305149,92.4260265,3.497558589,23.10650662
Mg3Sb,Mg-Sb,44,Imm2,-8.953423,42.563,9.616,26.559,0.396,7.292,4,-0.117025375,23.585,6.104122,6.104122,6.104122,148.794512,126.453049,63.28977,93.83788072,3.44493546,23.45947018
Mg3Sb,Mg-Sb,221,Pm-3m,-9.343652,42.342,7.379,20.915,0.418,6.222,4,-0.214582625,22.915,4.522794,4.522794,4.522794,90,90,90,92.51676149,3.494128389,23.12919037
Mg3Sb2,Mg-Sb,164,P-3m1,-14.632007,42.096,15.812,42.086,0.333,3.067,5,-0.38818,26.632,4.572516,4.572518,7.244753,90,90,120.000002,131.1791569,4.005611044,26.23583138
Mg3Sb2,Mg-Sb,206,Ia-3,-117.3866,37.914,18.122,46.887,0.294,2.168,40,-0.3964436,30.154,11.522122,11.522122,11.522122,109.471221,109.471221,109.471221,1177.539596,3.569834467,29.4384899
Mg3Sc,Mg-Sc,194,P6_3/mmc,-21.81529,43.53,21.088,54.464,0.291,2.114,8,-0.087692,22.935,6.406378,6.40638,5.091644,90,90,120.000016,180.9730084,2.163076759,22.62162605
Mg3Sc,Mg-Sc,221,Pm-3m,-10.937911,43.506,30.036,73.159,0.22,1.593,4,-0.0952585,22.9775,4.513144,4.513144,4.513144,90,90,90,91.92581182,2.129208873,22.98145295
Mg3Sn,Mg-Sn,221,Pm-3m,-8.852583,43.461,13.925,37.718,0.355,3.419,4,-0.243914875,22.6175,4.445862,4.445866,4.445865,90,90,90,87.87564843,3.621035,21.96891211
Mg3Sn,Mg-Sn,139,I4/mmm,-8.812409,41.805,18.052,47.342,0.311,2.317,4,-0.233871375,22.8875,5.496152,5.496152,5.496152,132.09065,132.09065,70.085893,89.63019758,3.550151704,22.40754939
Mg3Sn,Mg-Sn,44,Imm2,-8.617706,40.829,15.968,42.365,0.327,2.704,4,-0.185195625,23.4125,6.031731,6.031731,6.031731,146.691948,127.626685,63.497024,94.40312844,3.370659468,23.60078211
Mg3Te,Mg-Te,139,I4/mmm,-8.304608,35.747,12.072,32.44,0.347,2.458,4,-0.231567667,24.1875,6.087561,6.087561,6.087561,138.850222,138.850222,59.603308,96.70885767,3.442942032,24.17721442
Mg3Zn,Mg-Zn,194,P6_3/mmc,-11.586253,42.395,31.393,75.534,0.203,1.359,8,-0.099832875,20.155,6.138667,6.138667,4.78749,90,90,119.999987,156.2380278,2.940288087,19.52975347
Mg41Al67,Al-Mg,221,Pm-3m,-309.655731,56.271,20.14,53.915,0.34,3.15,108,-0.032562093,18.75805556,12.647501,12.647501,12.647501,90,90,90,2023.085173,2.301730432,18.73227012
Mg44Ir7,Ir-Mg,216,F-43m,-278.13781,58.997,34.281,86.156,0.257,1.721,102,-0.287615667,19.84352941,14.106089,14.106088,14.106096,59.999982,59.999983,59.999968,1984.745511,4.04092165,19.45828933
Mg44Rh7,Mg-Rh,216,F-43m,-256.427983,45.529,27.069,67.776,0.252,1.686,102,-0.295095657,20.0604902,14.265501,14.265501,14.265501,59.999998,59.999999,60,2052.797316,2.89552591,20.12546389
Mg4Zn7,Mg-Zn,8,Cm,-76.151586,62.046,29.685,76.796,0.294,2.161,55,-0.156768745,16.93436364,5.28678,13.151526,14.140627,102.306885,90.027324,101.595029,940.0257705,4.902722008,17.09137765
Mg54Ag17,Ag-Mg,71,Immm,-137.192546,48.231,24.679,63.24,0.281,2.022,71,-0.189010035,20.77408451,12.444013,12.444014,12.444013,107.636966,110.186739,110.605666,1482.248056,3.524671064,20.87673318
Mg5Ag,Ag-Mg,189,P-62m,-10.708363,43.5,19.777,51.469,0.303,2.435,6,-0.13772025,20.99333333,5.362179,5.362179,4.947434,90,90,120.000008,123.1950478,3.091977942,20.53250796
Mg5Ag,Ag-Mg,38,Amm2,-10.657017,42.936,28.722,70.426,0.227,1.577,6,-0.129162583,21.18,8.119763,8.119763,4.980777,90,90,157.785213,124.1558567,3.068049951,20.69264279
Mg5Ag,Ag-Mg,155,R32,-10.671783,42.688,13.911,37.405,0.354,4.204,6,-0.131623583,21.06333333,5.840952,5.840952,5.840952,54.733173,54.733173,54.733175,123.6221256,3.081296074,20.60368759
Mg5Ag,Ag-Mg,8,Cm,-10.66426,42.391,28.742,70.322,0.224,1.518,6,-0.13036975,21.24166667,5.843296,5.843296,7.260973,75.565113,75.565113,31.286186,124.3591625,3.063034219,20.72652709
Mg5As,As-Mg,8,Cm,-12.643396,42.608,9.981,27.68,0.392,5.523,6,-0.146163542,21.54833333,6.041949,6.041949,7.427852,73.949256,73.949256,30.165897,130.5509239,2.498697397,21.75848732
Mg5As,As-Mg,38,Amm2,-12.588525,39.907,9.419,26.184,0.391,3.903,6,-0.137018375,21.72833333,7.890905,7.890905,5.138454,90,90,155.812388,131.0929666,2.488365794,21.84882776
Mg5Bi,Bi-Mg,38,Amm2,-11.623812,38.463,11.894,32.286,0.36,3.801,6,-0.098991109,24.45666667,8.379488,8.379488,5.206847,90,90,156.884427,143.5310491,3.823682276,23.92184151
Mg5Cd,Cd-Mg,38,Amm2,-8.545629,38.692,17.36,45.221,0.305,2.552,6,-0.122164167,22.415,8.323911,8.323911,5.114189,90,90,158.183116,131.6908848,2.949785535,21.9484808
Mg5Ga,Ga-Mg,38,Amm2,-10.652119,38.784,7.947,21.388,0.408,29.112,6,-0.099343375,21.585,8.105774,8.105774,4.924837,90,90,157.075135,126.04181,2.519598659,21.00696833
Mg5Ga,Ga-Mg,155,R32,-10.677211,38.665,13.023,35.06,0.349,3.466,6,-0.103525375,21.595,5.916197,5.916197,5.916197,54.059013,54.059013,54.059008,126.1098099,2.518240062,21.01830164
Mg5Ga2,Ga-Mg,72,Ibam,-28.501347,44.882,19.856,51.876,0.307,2.456,14,-0.181588,20.56285714,5.974706,6.970721,8.163916,115.232425,111.463575,89.976619,281.3089934,3.08097182,20.09349953
Mg5Ge,Ge-Mg,8,Cm,-12.328425,42.038,26.731,66.162,0.238,1.614,6,-0.13287925,21.53166667,5.848827,5.848827,7.456983,75.016674,75.016674,32.099694,130.5581304,2.469540326,21.75968839
Mg5Ge,Ge-Mg,38,Amm2,-12.21722,40.855,19.44,50.288,0.295,2.311,6,-0.114345083,21.57666667,8.102468,8.102468,5.123014,90,90,157.429081,129.0908335,2.497610086,21.51513892
Mg5Hg,Hg-Mg,189,P-62m,-8.22074,40.037,25.693,63.465,0.236,1.655,6,-0.160187083,21.91166667,5.388874,5.388874,5.071284,90,90,120.000005,127.5394651,4.193874743,21.25657752
Mg5Hg,Hg-Mg,8,Cm,-8.19677,39.554,31.581,74.828,0.185,1.263,6,-0.156192083,22.26166667,5.955006,5.955006,7.238623,75.897052,75.897052,31.612411,130.1668615,4.10922208,21.69447692
Mg5Hg,Hg-Mg,38,Amm2,-8.182083,39.096,16.429,43.133,0.316,2.784,6,-0.15374425,22.23333333,8.122255,8.122255,4.968208,90,90,156.793858,129.1498141,4.141581968,21.52496902
Mg5Hg3,Hg-Mg,193,P6_3/mcm,-19.586807,43.858,22.908,58.529,0.278,1.96,16,-0.284958875,22.141875,8.226675,8.226674,5.869256,90,90,120.000004,344.00308,6.982842154,21.5001925
Mg5In,In-Mg,189,P-62m,-10.310859,37.86,8.153,22.758,0.4,5.882,6,-0.105099667,22.95833333,5.542827,5.542831,5.060212,90,90,120.000021,134.6362945,2.914940478,22.43938242
Mg5In,In-Mg,38,Amm2,-10.326756,37.832,16.957,44.211,0.305,2.033,6,-0.107749167,23.01,8.394587,8.394587,5.075493,90,90,157.766129,135.3362995,2.899863421,22.55604992
Mg5In,In-Mg,8,Cm,-10.303212,37.708,18.22,47.041,0.292,2.25,6,-0.103825167,23.08,6.003673,6.003673,7.426901,75.10703,75.10703,31.648041,135.3554457,2.899453233,22.55924094
Mg5In2,In-Mg,72,Ibam,-26.452316,39.674,8.986,24.045,0.4,21.415,14,-0.142599429,23.385,6.227279,7.335511,8.472938,115.480774,111.560325,89.999998,319.1379918,3.65432242,22.79557084
Mg5Pd,Mg-Pd,189,P-62m,-14.210614,51.998,28.53,72.347,0.268,1.883,6,-0.3046455,19.775,5.258942,5.258942,4.8219,90,90,119.999993,115.4903409,3.277430601,19.24839016
Mg5Pd2,Mg-Pd,194,P6_3/mmc,-84.97573,61.123,24.431,64.677,0.324,2.512,28,-0.515858643,19.37142857,8.639391,8.63939,8.158567,90,90,120.000556,527.3614039,4.211352146,18.83433585
Mg5Pd2,Mg-Pd,194,P6_3/mmc,-80.95899,55.557,4.029,11.685,0.465,8.297,28,-0.372403643,19.55214286,9.039325,9.039325,7.827562,90,90,119.999994,553.8972309,4.009596828,19.78204396
Mg5Pt,Mg-Pt,12,C2/m,-15.535852,48.473,35.36,84.916,0.209,1.672,6,-0.42576,19.89833333,5.522189,5.522189,7.369357,70.525086,70.525086,35.117814,121.1138166,4.340888829,20.18563609
Mg5Rh2,Mg-Rh,194,P6_3/mmc,-98.688874,71.89,36.66,93.998,0.282,1.99,28,-0.448621214,18.48821429,8.51484,8.514842,8.038478,90,90,120.000006,504.7281539,4.307698802,18.0260055
Mg5Sb,Mg-Sb,38,Amm2,-12.006882,40.457,10.226,28.111,0.384,5.67,6,-0.11142275,23.42666667,8.278845,8.278845,5.319515,90,90,157.315567,140.6082823,2.873118426,23.43471372
Mg5Sb,Mg-Sb,155,R32,-11.960903,39.974,1.128,3.211,0.487,11.306,6,-0.103759583,23.22333333,6.125111,6.125111,6.125111,53.896682,53.896682,53.896689,139.3170358,2.899747647,23.21950597
Mg5Sb,Mg-Sb,189,P-62m,-11.988245,39.609,11.218,30.335,0.372,6.037,6,-0.108316583,23.42666667,5.705185,5.705185,5.003436,90,90,120.000007,141.0387192,2.86434994,23.5064532
Mg5Si6,Mg-Si,12,C2/m,-39.731209,62.497,34.434,87.25,0.267,1.904,11,-0.056349364,18.15,4.142861,6.814771,7.73545,109.377187,105.206353,90.955647,197.5137611,2.438409492,17.95579646
Mg5Sn,Mg-Sn,38,Amm2,-11.676275,38.928,16.341,42.968,0.316,2.621,6,-0.15772125,23.225,8.247876,8.247876,5.054799,90,90,156.461711,137.3266075,2.904896655,22.88776791
Mg5Sn,Mg-Sn,189,P-62m,-11.639569,37.02,2.821,8.072,0.463,6.684,6,-0.151603583,23.265,5.593967,5.593967,5.03009,90,90,120.000006,136.315781,2.926437422,22.71929683
Mg6V,Mg-V,225,Fm-3m,-15.894131,43.168,25.326,63.45,0.255,1.908,7,0.232928714,22.81285714,6.127448,6.127448,6.127448,60,60,60,162.6761537,2.008571972,23.23945053
Mg7Bi,Bi-Mg,187,P-6m2,-14.716505,38.132,12.376,33.487,0.354,3.325,8,-0.104201957,23.87,6.360426,6.360426,5.353483,90,90,119.999984,187.5597155,3.356456,23.44496443
Mg7Ga,Ga-Mg,187,P-6m2,-13.655678,37.872,7.339,20.679,0.409,5.363,8,-0.093324406,21.84375,6.257538,6.257538,5.043614,90,90,119.999999,171.0328236,2.328755213,21.37910295
Mg7Ir3,Ir-Mg,229,Im-3m,-78.888048,72.818,25.994,69.689,0.34,2.802,20,-0.3043878,19.7855,8.027326,8.027326,8.027326,109.471221,109.471221,109.471221,398.1904681,6.228513371,19.90952341
Mg7Sb,Mg-Sb,187,P-6m2,-15.138649,38.697,8.171,22.86,0.402,5.719,8,-0.118409938,23.05375,6.328331,6.328331,5.319831,90,90,119.999988,184.5044635,2.627053252,23.06305794
Mg7Sn,Mg-Sn,187,P-6m2,-14.74977,39.123,22.963,57.616,0.255,1.707,8,-0.145849813,22.90125,6.377163,6.377163,5.083042,90,90,120.000021,179.0232258,2.679196538,22.37790322
Mg7Ti,Mg-Ti,225,Fm-3m,-17.594334,43.617,24.019,60.67,0.268,2.169,8,0.031410125,21.82,6.278499,6.278499,6.278499,60,60,60,175.0057936,2.068507734,21.8757242
Mg9Si5,Mg-Si,176,P6_3/m,-84.544966,59.056,37.058,91.909,0.241,1.679,28,-0.198919286,19.55464286,7.1346,7.134601,12.293909,90,90,119.999995,541.9509816,2.201010749,19.3553922
Mg9Si5,Mg-Si,167,R-3c,-84.212498,58.339,35.99,89.546,0.244,1.663,28,-0.187045429,19.43642857,12.8303,12.8303,12.8303,32.541411,32.541411,32.541409,543.4448973,2.194960228,19.40874633
Mg9Si5,Mg-Si,155,R32,-84.408305,57.542,35.813,88.942,0.242,1.699,28,-0.194038536,19.57821429,12.964013,12.964013,12.964013,32.156451,32.156451,32.156451,548.5087295,2.174696357,19.58959748
Mg9Sn5,Mg-Sn,146,R3,-70.620214,43.355,24.96,62.783,0.259,1.866,28,-0.320325821,24.415,8.813833,8.813833,8.813834,96.79251,96.79251,96.792513,669.0115742,4.032359478,23.89327051
Mg9Sn5,Mg-Sn,148,R-3,-70.620179,43.342,24.96,62.78,0.259,1.866,28,-0.320324571,24.41464286,8.888399,8.888399,8.888399,96.87517,96.87517,96.87517,685.7238664,3.934083812,24.49013809
MgAg,Ag-Mg,221,Pm-3m,-4.757048,65.4,25.117,66.785,0.33,2.726,2,-0.29052725,18.425,3.303938,3.303938,3.303938,90,90,90,36.0657956,6.085510065,18.0328978
MgAg2,Ag-Mg,63,Cmcm,-15.065301,73.221,33.884,87.994,0.3,2.362,6,-0.202391833,18.115,7.252125,7.252125,4.642142,90,90,154.240505,106.10437,7.513321502,17.68406167
MgAg2,Ag-Mg,63,Cmcm,-15.014281,72.364,29.578,77.979,0.32,2.774,6,-0.1938885,18.18666667,5.096336,5.096336,4.795129,90,90,121.727964,105.9299129,7.525695272,17.65498548
MgAg2,Ag-Mg,15,C2/c,-14.954506,71.907,12.991,35.638,0.418,22.924,6,-0.183926,18.17333333,4.982506,4.982506,6.024418,59.274479,59.274479,61.964249,106.0054257,7.520334357,17.66757094
MgAg3,Ag-Mg,194,P6_3/mmc,-20.771674,79.024,43.287,109.79,0.268,1.897,8,-0.177720125,17.94875,5.797158,5.797159,4.799131,90,90,120.000006,139.6765742,8.272217238,17.45957177
MgAg3,Ag-Mg,221,Pm-3m,-10.278227,78.776,31.096,82.44,0.326,2.534,4,-0.150817625,17.955,4.11837,4.11837,4.11837,90,90,90,69.85153516,8.270648328,17.46288379
MgAg3,Ag-Mg,139,I4/mmm,-10.332054,77.523,16.815,46.337,0.401,9.077,4,-0.164274375,17.9675,5.065848,5.065848,5.065848,132.262454,132.262454,69.814823,69.82583189,8.273692798,17.45645797
MgAg3,Ag-Mg,166,R-3m,-9.883724,72.889,18.733,51.121,0.383,6.639,4,-0.052191875,18.335,9.457744,9.457744,9.457744,18.492435,18.492435,18.492438,74.34579303,7.770681553,18.58644826
MgAg4,Ag-Mg,166,R-3m,-12.587654,75.633,14.847,40.676,0.411,16.268,5,-0.0326432,18.23,11.776701,11.776701,11.776701,14.709975,14.709975,14.709976,91.70561171,8.252895635,18.34112234
MgAg5,Ag-Mg,155,R32,-15.745264,82.229,36.05,94.348,0.309,2.361,6,-0.095224083,17.95166667,5.594436,5.594436,5.594437,53.379805,53.379805,53.379806,104.6224913,8.946032453,17.43708189
MgAl2,Al-Mg,194,P6_3/mmc,-36.297996,61.673,23.455,62.336,0.332,3.035,12,-0.085129667,18.7825,5.440049,5.440049,8.585343,90,90,120.000008,220.0360582,2.362652757,18.33633818
MgAs,As-Mg,187,P-6m2,-7.008764,56.998,21.495,56.855,0.334,3.673,2,-0.474198625,21.73,4.1235,4.1235,2.962647,90,90,120.000003,43.62571601,3.776892641,21.812858
MgAs4,As-Mg,92,P4_12_12,-85.34132,43.519,25.483,63.958,0.255,1.751,20,-0.2746798,24.073,5.429584,5.429584,15.933974,90,90,90,469.7396237,4.581264597,23.48698118
MgAu,Au-Mg,221,Pm-3m,-5.975931,85.044,23.325,64.084,0.374,3.955,2,-0.6047625,17.885,3.273539,3.273539,3.273539,90,90,90,35.07943275,10.47423108,17.53971638
MgAu2,Au-Mg,63,Cmcm,-18.791698,97.863,35.454,94.897,0.338,2.816,6,-0.429849667,17.94,5.07125,5.07125,4.807937,90,90,122.084679,104.7629314,13.25852108,17.46048857
MgAu2,Au-Mg,63,Cmcm,-18.781826,96.31,17.693,49.194,0.415,12.119,6,-0.428204333,17.86166667,6.672645,6.672645,4.204113,90,90,146.109643,104.375218,13.30777134,17.39586967
MgAu2,Au-Mg,12,C2/m,-18.743805,94.851,22.913,63.084,0.391,6.502,6,-0.4218675,18.055,5.354806,5.354806,7.398003,69.66548,69.66548,33.416087,108.8628573,12.75918682,18.14380956
MgAu3,Au-Mg,194,P6_3/mmc,-25.74046,115.332,43.455,115.817,0.333,2.698,8,-0.356009,17.70375,5.788747,5.788747,4.775691,90,90,120.000007,138.5912932,14.74221687,17.32391165
MgAu3,Au-Mg,63,Cmcm,-256.521428,114.522,34.363,93.702,0.364,3.475,80,-0.34496935,17.70375,5.88672,10.547863,24.006634,90,90,106.203394,1431.415676,14.27358198,17.89269595
MgAu3,Au-Mg,221,Pm-3m,-12.753069,114.011,31.384,86.233,0.374,3.76,4,-0.32671875,17.7725,4.106527,4.106527,4.106527,90,90,90,69.25069708,14.7517858,17.31267427
MgAu3,Au-Mg,63,Cmcm,-102.534276,113.889,29.21,80.699,0.382,4.19,32,-0.342647625,17.6834375,5.758168,9.519893,10.480515,90,105.944632,90,552.4090347,14.79442059,17.26278233
MgAu3,Au-Mg,139,I4/mmm,-12.800004,111.792,22.963,64.393,0.404,5.703,4,-0.3384525,17.7575,5.063405,5.063405,5.063405,132.456279,132.456279,69.509332,69.32111776,14.73680002,17.33027944
MgAu5,Au-Mg,155,R32,-19.166039,122.202,25.103,70.474,0.404,5.118,6,-0.173342833,17.88,5.601469,5.601469,5.601469,53.24685,53.24685,53.246844,104.6218636,16.01685115,17.43697726
MgAu5,Au-Mg,189,P-62m,-19.192635,120.556,22.008,62.188,0.414,6.218,6,-0.1777755,17.86333333,5.026023,5.026023,4.783374,90,90,119.999992,104.643894,16.01347916,17.440649
MgB2,B-Mg,191,P6/mmm,-15.311352,149.029,119.924,283.183,0.184,1.389,3,-3.378423667,9.6,3.062762,3.062762,3.52087,90,90,120.000003,28.60271014,2.666306002,9.534236712
MgB4,B-Mg,62,Pnma,-116.12648,159.631,113.667,274.792,0.214,1.63,20,-4.021194,8.9435,4.378154,5.469478,7.412969,90,90,90,177.5125531,2.527545269,8.875627654
MgB7,B-Mg,74,Imma,-197.998285,184.327,183.16,412.762,0.127,1.011,32,-4.368695969,7.9121875,5.958486,7.247178,7.247178,92.131929,114.277969,114.277969,251.9049607,2.63629611,7.872030021
MgBe13,Be-Mg,226,Fm-3c,-100.981949,100.216,99.133,223.524,0.128,1.071,28,0.179618054,9.173571429,7.139748,7.139747,7.139707,60.000194,60.0002,60.000387,257.3556621,1.825531592,9.191273645
MgBi,Bi-Mg,51,Pmma,-11.176149,45.138,14.513,38.529,0.358,6.044,4,-0.132128578,26.8925,3.274259,5.629904,5.92383,90,90,90,109.1984833,7.094961557,27.29962081
MgBi,Bi-Mg,221,Pm-3m,-5.536708,43.519,19.11,49.965,0.309,2.503,2,-0.106445328,26.635,3.771803,3.771803,3.771803,90,90,90,53.65954735,7.219209619,26.82977367
MgBi,Bi-Mg,12,C2/m,-11.234475,42.99,20.912,52.981,0.294,1.474,4,-0.146710078,27.27,6.173533,6.173533,5.324171,79.022916,79.022916,33.569068,109.9600043,7.045825852,27.49000106
MgBi,Bi-Mg,8,Cm,-16.870473,42.486,22.82,57.488,0.274,1.457,6,-0.149836828,27.665,6.197285,6.197285,8.764035,69.931191,69.931191,31.626207,164.8951068,7.047744372,27.4825178
MgBi,Bi-Mg,59,Pmmn,-11.288872,42.45,18.52,48.4,0.31,2.667,4,-0.160309328,27.3525,3.694995,5.021316,5.96778,90,90,90,110.7246237,6.997170233,27.68115591
MgBi,Bi-Mg,8,Cm,-16.620968,40.311,11.248,30.149,0.377,8.204,6,-0.108252661,27.97,6.658692,6.658692,7.836304,77.777441,77.777441,29.303027,165.9293753,7.003814477,27.65489589
MgBi,Bi-Mg,38,Amm2,-32.966785,37.297,12.62,33.925,0.349,3.6,12,-0.085323411,28.09166667,5.332016,3.542926,17.738614,90,90,90,335.0990746,6.936089349,27.92492288
MgBi,Bi-Mg,38,Amm2,-32.571927,37.138,21.083,52.145,0.265,1.272,12,-0.052418578,28.22416667,5.5388,3.595387,16.898605,90,90,90,336.5210273,6.906781252,28.04341894
MgBi,Bi-Mg,8,Cm,-16.624949,35.011,9.131,24.87,0.382,6.716,6,-0.108916161,28.38333333,6.581556,6.581556,8.053567,74.179273,74.179273,30.461299,169.6479218,6.850296477,28.27465364
MgBi,Bi-Mg,38,Amm2,-33.764381,33.074,10.719,28.973,0.354,3.589,12,-0.151789744,29.1875,5.395907,10.320554,6.068876,90,90,90,337.9681645,6.877207283,28.16401371
MgBi,Bi-Mg,5,C2,-16.86375,27.507,7.935,21.713,0.368,3.289,6,-0.148716328,28.88833333,5.781884,5.781884,5.67553,78.111918,78.111918,66.571491,168.722933,6.887851822,28.12048883
MgBi,Bi-Mg,5,C2,-16.919062,25.884,12.878,33.128,0.287,2.125,6,-0.157934994,30.29333333,5.776245,5.776245,6.020198,71.268037,71.268037,65.090231,168.439863,6.899427132,28.07331051
MgBi2,Bi-Mg,63,Cmcm,-18.850663,74.79,45.111,109.837,0.299,1.315,6,-0.068069603,28.85666667,9.094367,9.094367,5.731456,90,90,158.536116,173.4561737,8.467840873,28.90936229
MgBi2,Bi-Mg,12,C2/m,-18.842757,37.062,9.794,27.004,0.379,3.772,6,-0.066751937,29.36,5.993606,5.993606,9.69247,65.812288,65.812288,34.025815,176.0417495,8.34347126,29.34029158
MgBi2,Bi-Mg,63,Cmcm,-18.862532,35.419,9.607,26.383,0.374,3.158,6,-0.07004777,29.115,8.594784,8.594784,5.890664,90,90,155.963825,177.2404529,8.287043129,29.54007549
MgBi2,Bi-Mg,12,C2/m,-18.808391,34.74,9.278,25.523,0.379,4.392,6,-0.06102427,29.54666667,6.654532,6.654532,8.40333,71.724478,71.724478,29.56233,173.6706454,8.457383653,28.94510757
MgBi2,Bi-Mg,12,C2/m,-18.983731,32.82,14.396,37.535,0.311,2.825,6,-0.090247603,30.21,6.754317,6.754317,8.308121,74.428679,74.428679,29.07077,176.9403632,8.301097901,29.49006053
MgBi2,Bi-Mg,12,C2/m,-18.768012,32.352,12.41,32.977,0.331,2.9,6,-0.054294437,30.09166667,6.894824,6.894824,7.929989,72.649611,72.649611,29.946412,178.9940385,8.205855847,29.83233975
MgBi2,Bi-Mg,15,C2/c,-18.648921,31.884,16.613,41.561,0.28,1.345,6,-0.034445937,29.77,5.845923,5.845923,6.666173,64.015588,64.015588,64.658847,176.0550915,8.342838966,29.34251525
MgBi2,Bi-Mg,63,Cmcm,-18.782277,15.765,1.763,5.139,0.476,68.573,6,-0.056671937,29.045,9.126261,9.126261,5.6793,90,90,158.322503,174.725406,8.406329169,29.12090101
MgBi3,Bi-Mg,194,P6_3/mmc,-26.214767,46.285,30.732,65.664,0.264,0.783,8,0.002761134,29.7475,7.00723,7.00723,5.584068,90,90,119.999998,237.4510322,9.1085707,29.68137902
MgC2,C-Mg,136,P4_2/mnm,-37.35441,77.702,26.731,71.274,0.35,4.37,6,0.385914333,12.915,3.950777,3.950777,4.987089,90,90,90,77.84167138,2.061823024,12.9736119
MgCd,Cd-Mg,8,Cm,-7.281706,47.067,30.928,73.825,0.238,1.048,6,-0.160319667,21.36833333,5.807618,5.807618,7.527465,74.768622,74.768622,31.445578,127.4225989,5.344944956,21.23709981
MgCd,Cd-Mg,187,P-6m2,-2.399561,43.613,28.798,70.806,0.229,1.536,2,-0.1464825,22.11,3.168343,3.168343,4.932693,90,90,119.999989,42.8824163,5.294064062,21.44120815
MgCd,Cd-Mg,38,Amm2,-7.33053,42.777,8.974,24.894,0.403,8.208,6,-0.168457,21.80833333,3.242615,8.075,4.922644,90,90,78.417365,126.2702629,5.393722652,21.04504381
MgCd,Cd-Mg,51,Pmma,-4.957583,42.654,7.928,22.39,0.412,4.986,4,-0.18609775,21.61,3.232834,4.960329,5.213957,90,90,90,83.61061992,5.430464676,20.90265498
MgCd,Cd-Mg,8,Cm,-7.251362,42.467,23.194,58.729,0.27,2.112,6,-0.155262333,21.985,6.075375,6.075375,7.280581,74.70814,74.70814,29.576463,127.609949,5.337097793,21.26832483
MgCd,Cd-Mg,38,Amm2,-14.284523,41.855,30.171,72.97,0.21,1.422,12,-0.137078917,22.19333333,5.04837,3.218329,15.803415,90,90,90,256.7630668,5.305021362,21.39692223
MgCd,Cd-Mg,5,C2,-7.277833,41.845,19.544,50.677,0.298,2.38,6,-0.159674167,21.97,5.353935,5.353935,5.86613,65.035322,65.035322,59.751531,126.888098,5.367459895,21.14801633
MgCd,Cd-Mg,59,Pmmn,-4.828733,41.628,17.661,45.727,0.317,3.747,4,-0.15388525,22.105,3.214575,5.085839,5.217453,90,90,90,85.29917256,5.322965094,21.32479314
MgCd,Cd-Mg,38,Amm2,-14.571368,41.392,24.351,61.076,0.254,1.722,12,-0.160982667,21.81333333,5.044715,9.366317,5.329698,90,90,90,251.8303438,5.408933386,20.98586198
MgCd,Cd-Mg,12,C2/m,-4.876462,41.382,18.639,48.132,0.307,3.173,4,-0.1658175,22.03,5.935058,5.935058,5.266738,66.445106,66.445106,30.205211,84.96395938,5.343966093,21.24098985
MgCd,Cd-Mg,8,Cm,-7.169759,41.212,17.347,45.169,0.317,3.439,6,-0.141661833,22.14333333,6.086133,6.086133,7.3401,73.94568,73.94568,29.542591,128.4586257,5.301837642,21.40977095
MgCd2,Cd-Mg,63,Cmcm,-13.008515,44.686,26.736,66.808,0.251,1.822,12,-0.155149583,21.93083333,3.203149,15.712339,5.018556,90,90,90,252.5786877,6.551385943,21.04822398
MgCd2,Cd-Mg,63,Cmcm,-12.923428,43.959,24.528,62.013,0.265,1.91,12,-0.148059,21.96666667,3.125609,16.139183,5.033479,90,90,90,253.9127244,6.516965496,21.1593937
MgCd2,Cd-Mg,12,C2/m,-6.484387,43.519,21.579,55.447,0.288,2.309,6,-0.151837833,21.92666667,6.043852,6.043852,7.362763,73.435639,73.435639,29.576606,126.847267,6.522570423,21.14121117
MgCd2,Cd-Mg,38,Amm2,-12.711884,43.497,13.448,36.49,0.36,3.872,12,-0.130430333,22.14916667,4.976762,3.20515,16.025173,90,90,90,255.6218435,6.473392264,21.30182029
MgCd2,Cd-Mg,189,P-62m,-6.379598,43.203,18.76,49.109,0.311,2.56,6,-0.134373,22.14666667,5.007915,5.413168,5.41317,60.000008,90,90,127.0839525,6.510422566,21.18065875
MgCd2,Cd-Mg,12,C2/m,-6.397376,42.834,18.017,47.278,0.316,2.821,6,-0.137336,22.10333333,6.053032,6.053032,7.493045,72.03975,72.03975,29.392308,127.7103256,6.478491289,21.28505427
MgCd2,Cd-Mg,8,Cm,-6.388313,42.298,25.108,62.866,0.252,1.761,6,-0.1358255,22.185,5.768852,5.768852,7.188243,78.317887,78.317887,33.318724,128.4353606,6.44191933,21.40589343
MgCd2,Cd-Mg,15,C2/c,-6.480174,42.187,15.021,40.247,0.342,3.118,6,-0.151135667,22.05333333,5.248625,5.248625,6.275966,63.000266,63.000266,59.494437,126.972651,6.516129465,21.16210849
MgCd2,Cd-Mg,63,Cmcm,-6.320398,41.38,28.092,65.146,0.236,0.924,6,-0.124506333,22.23833333,8.028572,8.028572,5.118352,90,90,157.100307,128.3775792,6.44481877,21.3962632
MgCd2,Cd-Mg,12,C2/m,-12.763696,40.088,16.549,43.452,0.321,3.081,12,-0.134748,22.285,11.819437,3.092582,7.308459,90,107.19993,90,255.1960299,6.484193601,21.26633583
MgCd2,Cd-Mg,155,R32,-19.001339,39.272,9.068,25.259,0.393,4.333,18,-0.126736611,22.22944444,5.409377,5.409376,15.093882,90,90,120.000002,382.4952039,6.489259658,21.24973355
MgCd2,Cd-Mg,63,Cmcm,-6.487584,38.99,9.035,25.156,0.393,4.599,6,-0.152370667,22.01333333,5.288106,5.288106,5.14767,90,90,119.224386,125.6270325,6.585925146,20.93783874
MgCd3,Cd-Mg,194,P6_3/mmc,-8.107655,45.996,20.815,54.243,0.303,2.335,8,-0.146765875,22.07375,6.331708,6.331708,4.854468,90,90,119.99999,168.5443137,7.12391845,21.06803921
MgCd3,Cd-Mg,44,Imm2,-3.954257,42.585,16.55,43.943,0.328,2.716,4,-0.12187325,22.275,5.932094,5.932094,5.932094,148.971171,126.97788,62.715142,85.13297394,7.051885365,21.28324349
MgCd3,Cd-Mg,221,Pm-3m,-4.00085,42.112,5.819,16.548,0.435,13.084,4,-0.1335215,22.3475,4.394982,4.394982,4.394982,90,90,90,84.89289956,7.07182787,21.22322489
MgCl2,Cl-Mg,40,Ama2,-20.375499,35.134,10.07,26.887,0.377,8.583,6,-2.80143502,26.44333333,4.456462,4.456462,9.554263,90,90,123.078812,158.9939353,1.98877504,26.49898922
MgCl2,Cl-Mg,166,R-3m,-10.78,10.669,6.313,15.723,0.288,2.881,3,-2.998851853,25.51666667,6.410972,6.410972,6.410972,32.986433,32.986437,32.986434,69.50417282,2.274706376,23.16805761
MgCl2,Cl-Mg,51,Pmma,-20.716379,10.474,5.939,14.862,0.299,3.276,6,-2.858248353,25.91833333,3.669437,6.320725,6.509921,90,90,90,150.9878669,2.094229004,25.16464449
MgCl2,Cl-Mg,2,P-1,-20.84358,7.595,2.848,7.525,0.292,1.517,6,-2.87944852,41.43333333,6.791105,7.083166,7.125262,64.865046,65.968925,77.367579,282.9606961,1.117480889,47.16011602
MgCl2,Cl-Mg,115,P-4m2,-10.53562,6.01,3.447,8.668,0.272,2.12,3,-2.917391853,30.74666667,3.933483,3.933483,5.664335,90,90,90,87.64022534,1.803984237,29.21340845
MgCu,Cu-Mg,221,Pm-3m,-10.867292,76.185,54.695,132.157,0.211,1.563,4,-0.1645515,15.2925,3.185581,4.441222,4.442108,90,90,90,62.84638701,4.642431315,15.71159675
MgCu2,Cu-Mg,227,Fd-3m,-18.744289,91.853,27.483,74.964,0.364,3.457,6,-0.1965235,14.63666667,4.92312,4.923111,4.923111,60,60.000064,60.000051,84.37330902,5.959245548,14.06221817
MgCu3,Cu-Mg,139,I4/mmm,-12.939256,99.064,37.379,99.341,0.333,3.171,4,-0.11966275,13.5,4.561653,4.561653,4.561653,131.899938,131.899938,70.38711,51.53336338,6.926022778,12.88334085
MgCu5,Cu-Mg,155,R32,-20.299614,110.499,26.813,74.3,0.388,4.858,6,-0.080491167,12.965,4.548206,4.548208,5.018257,116.946975,63.053012,119.999982,76.61053561,7.413634105,12.7684226
MgF2,F-Mg,38,Amm2,-14.967823,99.984,89.181,198.318,0.167,0.761,3,-3.330441333,10.56333333,2.830717,3.771297,3.244855,90,90,112.04271,32.1083105,3.22205005,10.70277017
MgF2,F-Mg,136,P4_2/mnm,-31.54056,97.925,52.076,132.581,0.274,2.057,6,-3.597927,11.22833333,3.047784,4.615197,4.615197,90,90,90,64.91790991,3.1872432,10.81965165
MgF2,F-Mg,58,Pnnm,-31.540566,97.849,52.098,132.613,0.274,2.054,6,-3.597928,11.23,3.09233,4.643975,4.734953,90,90,90,67.99725475,3.042904712,11.33287579
MgF2,F-Mg,74,Imma,-30.957875,50.631,14.652,40.029,0.37,4.068,6,-3.500812833,18.37666667,5.753609,5.753609,5.753609,140.206454,110.034676,83.63024,110.7928033,1.867532554,18.46546721
MgF2,F-Mg,12,C2/m,-30.937978,46.894,14.002,38.173,0.367,3.808,6,-3.497496667,18.135,5.587892,5.587892,6.763649,54.046474,54.046474,41.274294,108.4861808,1.907239847,18.08103014
MgF3,F-Mg,139,I4/mmm,-15.049452,104.083,4.342,7.27,0.487,3.576,4,-2.074489875,9.6025,4.52452,4.52452,4.52452,139.361201,139.361201,58.82452,38.91727245,3.468952618,9.729318113
MgGa,Ga-Mg,88,I4_1/a,-75.470135,48.525,12.928,35.427,0.378,5.15,32,-0.183436344,19.729375,10.494179,10.49425,5.499288,89.999824,90.000038,89.99836,605.6286139,4.124961437,18.92589418
MgGa,Ga-Mg,5,C2,-13.839447,46.663,22.652,58.418,0.291,2.296,6,-0.131569125,19.60333333,5.155092,5.155092,5.514611,67.334098,67.334098,59.76127,113.4186008,4.129935466,18.90310014
MgGa,Ga-Mg,123,P4/mmm,-4.674882,46.232,24.92,63.332,0.272,1.997,2,-0.162435625,19.375,3.030549,3.030549,3.987968,90,90,90,36.62640434,4.262967391,18.31320217
MgGa,Ga-Mg,8,Cm,-13.868959,46.212,485.618,197.452,-0.206,0.049,6,-0.136487792,19.845,5.395135,5.395135,7.558912,71.321761,71.321761,33.338357,113.9626214,4.110220495,18.99377023
MgGa,Ga-Mg,8,Cm,-13.83813,44.971,19.368,50.491,0.313,3.054,6,-0.131349625,19.89833333,5.827964,5.827964,6.809035,75.753243,75.753243,32.105427,118.8164385,3.942312258,19.80273976
MgGa,Ga-Mg,12,C2/m,-9.323097,44.802,16.733,44.188,0.338,4.018,4,-0.155768875,19.65,5.780036,5.780036,5.078786,68.574938,68.574938,29.7223,77.88587524,4.009383393,19.47146881
MgGa,Ga-Mg,187,P-6m2,-4.594824,43.894,6.938,19.489,0.425,4.064,2,-0.122406625,19.99,3.151869,3.151869,4.458249,90,90,119.999142,38.35615648,4.070719844,19.17807824
MgGa,Ga-Mg,38,Amm2,-13.663029,43.584,14.074,37.463,0.357,5.557,6,-0.102166125,20.035,7.783531,7.783531,4.995052,90,90,156.40497,121.1283833,3.867066409,20.18806388
MgGa,Ga-Mg,38,Amm2,-13.9105,43.583,13.903,37.701,0.356,3.12,6,-0.143411292,19.75333333,7.735048,7.735048,4.713613,90,90,156.367008,113.0552112,4.143210181,18.8425352
MgGa,Ga-Mg,8,Cm,-13.678647,43.522,15.795,42.217,0.338,3.119,6,-0.104769125,20.09,5.76712,5.76712,7.146196,71.672461,71.672461,32.424577,120.4144949,3.889992665,20.06908249
MgGa,Ga-Mg,38,Amm2,-13.628661,43.401,15.319,40.702,0.344,4.224,6,-0.096438125,20.17666667,7.725379,7.725379,5.024098,90,90,156.208119,120.9624224,3.872372037,20.16040373
MgGa,Ga-Mg,156,P3m1,-13.563592,42.628,26.674,59.633,0.266,0.874,6,-0.085593292,20.05666667,3.064349,3.064349,15.001724,90,90,119.999982,121.9967842,3.839539748,20.33279737
MgGa,Ga-Mg,59,Pmmn,-9.179138,42.302,13.893,37.42,0.354,3.898,4,-0.119779125,19.9675,3.250597,4.8307,5.134092,90,90,90,80.61889558,3.873463317,20.1547239
MgGa,Ga-Mg,38,Amm2,-13.757292,41.174,8.715,24.164,0.401,3.299,6,-0.117876625,19.865,5.391815,5.391815,4.788207,90,90,121.363119,118.8619429,3.940803008,19.81032381
MgGa2,Ga-Mg,12,C2/m,-15.127037,49.672,37.277,85.391,0.22,0.889,6,-0.096669667,19.38666667,5.66615,5.66615,7.054293,73.446903,73.446903,32.665269,116.7267165,4.6590008,19.45445275
MgGa2,Ga-Mg,194,P6_3/mmc,-15.371432,48.207,11.808,32.253,0.389,7.757,6,-0.137402167,19.29,4.290985,4.290985,6.912503,90,90,119.999997,110.2249686,4.933817375,18.3708281
MgGa2,Ga-Mg,15,C2/c,-15.250267,47.9,15.231,41.025,0.358,4.409,6,-0.117208,19.205,5.041368,5.041368,6.56679,55.442179,55.442179,60.838805,109.7746767,4.954055724,18.29577945
MgGa2,Ga-Mg,12,C2/m,-15.105801,47.846,21.903,56.86,0.302,2.573,6,-0.093130333,19.39166667,5.610549,5.610549,7.227689,71.335721,71.335721,32.917888,116.5530718,4.665941936,19.42551196
MgGa2,Ga-Mg,12,C2/m,-15.124852,47.288,19.811,52.122,0.316,2.572,6,-0.0963055,19.34666667,5.513971,5.513971,6.790454,72.094929,72.094929,34.614248,111.0300214,4.898043418,18.50500356
MgGa2,Ga-Mg,63,Cmcm,-15.1628,47.257,28.085,70.149,0.253,1.945,6,-0.102630167,19.50833333,5.280813,5.280813,5.168615,90,90,126.067428,116.5095875,4.667683382,19.41826458
MgGa2,Ga-Mg,63,Cmcm,-15.042915,45.872,12.959,35.468,0.371,3.07,6,-0.082649333,19.365,7.510609,7.510609,5.021647,90,90,156.069337,114.9019666,4.732990056,19.15032777
MgGa2,Ga-Mg,63,Cmcm,-15.159831,45.839,22.549,58.109,0.289,2.106,6,-0.102135333,19.375,7.464346,7.464346,4.893218,90,90,155.027047,115.1029321,4.724726429,19.18382202
MgGa2,Ga-Mg,38,Amm2,-15.060664,45.544,16.951,45.012,0.336,3.481,6,-0.0856075,19.46666667,7.621582,7.621582,4.621409,90,90,155.439274,111.5835496,4.873745882,18.59725827
MgGa2,Ga-Mg,155,R32,-15.056884,45.537,15.018,38.826,0.358,10.084,6,-0.0849775,19.38333333,5.526519,5.526519,5.526519,56.95066,56.95066,56.950679,110.9608684,4.901095974,18.49347807
MgGa2,Ga-Mg,63,Cmcm,-14.94381,44.223,11.18,30.923,0.383,3.704,6,-0.066131833,19.69833333,7.471278,7.471278,5.035104,90,90,155.378388,117.0960549,4.644305616,19.51600915
MgGa2,Ga-Mg,194,P6_3/mmc,-14.922717,43.974,13.541,36.665,0.362,4.292,6,-0.062616333,19.70166667,3.040296,3.040296,14.793525,90,90,119.999989,118.4224233,4.592287934,19.73707054
MgGa2,Ga-Mg,187,P-6m2,-14.893987,43.165,6.924,19.617,0.425,9.388,6,-0.057828,19.845,3.06309,3.06309,14.75541,90,90,120.000005,119.8951094,4.535880304,19.98251824
MgGa2,Ga-Mg,189,P-62m,-14.996913,42.381,5.001,14.404,0.444,11.405,6,-0.074982333,19.57666667,5.164886,5.164886,4.807046,90,90,119.999984,111.0530633,4.897027142,18.50884389
MgGa3,Ga-Mg,194,P6_3/mmc,-21.113831,48.955,25.268,64.43,0.281,2.347,8,-0.089976813,18.89625,5.857414,5.857414,4.831785,90,90,119.999993,143.5655285,5.400916251,17.94569107
MgGa3,Ga-Mg,221,Pm-3m,-10.581655,48.055,41.275,70.483,0.256,0.529,4,-0.096161688,18.6675,4.128398,4.128398,4.128398,90,90,90,70.36305282,5.509890241,17.59076321
MgGa3,Ga-Mg,139,I4/mmm,-10.567498,47.331,6.856,19.537,0.431,10.054,4,-0.092622438,18.795,5.137241,5.137241,5.137241,132.936064,132.936064,68.754574,71.35006375,5.43366996,17.83751594
MgGa3,Ga-Mg,225,Fm-3m,-10.236293,47.311,7.645,21.723,0.423,7.682,4,-0.009821188,19.55,4.824071,4.824071,4.824071,60,60,60,79.38271609,4.883842694,19.84567902
MgGa3,Ga-Mg,25,Pmm2,-10.48963,46.462,28.08,70,0.249,1.86,4,-0.073155438,19.1925,3.005319,4.887513,4.938642,90,90,90,72.54142004,5.344432158,18.13535501
MgGa3,Ga-Mg,44,Imm2,-10.4698,46.27,10.255,28.64,0.397,4.827,4,-0.068197938,19.215,5.568721,5.568721,5.568721,147.090812,128.296048,62.660785,72.87682485,5.319835199,18.21920621
MgGa3,Ga-Mg,187,P-6m2,-10.311634,45.025,26.591,66.644,0.253,1.745,4,-0.028656438,19.705,3.212284,3.212284,8.864097,90,90,120.000008,79.21238164,4.894344672,19.80309541
MgGa5,Ga-Mg,8,Cm,-16.287441,48.339,22.611,58.648,0.298,2.303,6,-0.040572542,19.05666667,5.557294,5.557294,6.575379,72.201185,72.201185,34.634108,109.335969,5.663719214,18.22266151
MgGa5,Ga-Mg,189,P-62m,-16.24874,45.621,12.905,35.217,0.371,4.662,6,-0.034122375,19.21666667,5.097791,5.097791,4.861899,90,90,119.999996,109.4209867,5.65931863,18.23683112
MgGa5,Ga-Mg,155,R32,-16.235212,45.565,5.745,12.395,0.455,2.248,6,-0.031867708,19.16333333,5.607686,5.607686,5.607685,54.510668,54.510668,54.510658,108.7345301,5.695046715,18.12242169
MgGe,Ge-Mg,12,C2/m,-12.455224,52.276,24.158,62.634,0.301,2.567,4,-0.20125525,19.79,5.576078,5.576078,4.839034,72.773329,72.773329,33.130984,78.21003021,4.116632084,19.55250755
MgH2,H-Mg,62,Pnma,-34.331617,62.735,26.412,69.165,0.316,2.995,12,-0.098725167,8.246666667,3.113329,5.300768,5.996795,90,90,90,98.96531619,1.76655221,8.247109683
MgH2,H-Mg,225,Fm-3m,-33.994418,59.784,16.824,45.404,0.373,6.484,3,-1.820992063,13.35875,3.367337,3.367337,3.367338,59.999993,60.000007,60,26.99882942,1.618842389,8.999609806
MgH2,H-Mg,61,Pbca,-69.599041,51.421,35.026,85.635,0.222,1.469,24,-0.137717125,9.0225,4.721936,4.870286,9.305791,90,90,90,214.0069319,1.633847993,8.916955494
MgH2,H-Mg,136,P4_2/mnm,-17.65272,51.183,34.685,84.86,0.224,1.54,6,-0.179877083,10.18833333,2.992537,4.476694,4.476694,90,90,90,59.9728031,1.457555667,9.995467183
MgH2,H-Mg,60,Pbcn,-35.300444,48.949,33.596,82.019,0.221,1.479,12,-0.17946075,10.00583333,4.479072,4.895504,5.392622,90,90,90,118.2457194,1.478509319,9.85380995
MgH2,H-Mg,29,Pca2_1,-35.300176,48.874,33.598,82,0.22,1.477,12,-0.179438417,10.01166667,4.646008,4.738673,4.863752,90,90,90,107.0799238,1.632681382,8.923326986
MgHg2,Hg-Mg,12,C2/m,-4.484707,46.299,7.994,21.954,0.421,27.639,6,-0.187242167,22.11333333,6.154381,6.154381,7.10627,71.645157,71.645157,33.165261,139.0705705,10.16080487,23.17842842
MgHg2,Hg-Mg,63,Cmcm,-4.482142,39.189,13.582,36.525,0.345,2.938,6,-0.186814667,22.895,7.776393,7.776393,5.007758,90,90,154.290014,131.3727721,10.75617807,21.89546201
MgHg2,Hg-Mg,15,C2/c,-4.509908,39.013,14.211,37.972,0.339,3.102,6,-0.191442333,22.915,5.177647,5.177647,6.803614,61.498673,61.498673,59.376058,131.1560751,10.7739495,21.85934586
MgHg2,Hg-Mg,139,I4/mmm,-2.239045,38.339,8.65,24.135,0.395,4.492,3,-0.186139333,22.87666667,3.857702,3.857701,5.174598,111.885546,111.885541,89.999994,65.4388162,10.79687112,21.81293873
MgHg2,Hg-Mg,12,C2/m,-4.453553,38.329,6.368,17.885,0.422,11.872,6,-0.182049833,23.135,6.592922,6.592922,6.641099,68.911029,68.911029,29.909976,133.5849886,10.5780518,22.26416477
MgHg3,Hg-Mg,25,Pmm2,-2.326703,35.391,9.257,25.477,0.38,4.728,4,-0.129754625,23.85,3.451806,5.083504,5.212037,90,90,90,91.45703647,11.36732652,22.86425912
MgHg3,Hg-Mg,139,I4/mmm,-2.323344,35.357,6.644,18.574,0.413,9.212,4,-0.128914875,23.4975,5.473742,5.473742,5.473742,131.687297,131.687297,70.723358,89.59336446,11.60378341,22.39834112
MgHg3,Hg-Mg,194,P6_3/mmc,-4.720794,28.559,4.122,11.75,0.431,9.988,8,-0.138178125,24.9,4.934128,4.934128,8.96839,90,90,119.999986,189.08892,10.99611755,23.636115
MgHg3,Hg-Mg,44,Imm2,-2.383884,16.978,4.653,12.79,0.378,3.935,4,-0.144049875,24.6875,3.145392,6.723051,5.003156,68.15547,90,76.47169,95.03331041,10.93955363,23.7583276
MgHg5,Hg-Mg,189,P-62m,-2.630764,22.543,6.988,18.817,0.364,5.072,6,-0.094827417,25.995,6.078218,6.078218,4.559735,90,90,120.000002,145.8890922,11.69242356,24.31484869
MgHg5,Hg-Mg,155,R32,-2.613875,22.393,3.181,8.979,0.433,4.454,6,-0.092012583,25.12166667,5.999793,5.999793,5.999792,60.657823,60.657823,60.657816,154.9872913,11.00604472,25.83121521
MgI2,I-Mg,164,P-3m1,-7.737388,6.117,3.564,8.949,0.271,2.049,3,-0.816130667,40.15,4.195685,4.195685,7.105727,90,90,120.000017,108.3289978,4.263115801,36.10966595
MgIn,In-Mg,12,C2/m,-4.226074,40.311,24.349,60.762,0.249,1.784,2,-0.1259305,24,3.35407,3.35407,5.136345,71.761858,71.761858,63.293152,48.00356123,4.812542458,24.00178062
MgIn,In-Mg,123,P4/mmm,-4.250188,40.202,25.082,62.276,0.242,1.675,2,-0.1379875,23.56,3.215712,3.215712,4.378462,90,90,90,45.2768048,5.102373667,22.6384024
MgIn,In-Mg,51,Pmma,-8.462386,36.629,17.852,45.881,0.291,2.519,4,-0.12849,23.76,3.22411,5.279034,5.384646,90,90,90,91.64768228,5.041462497,22.91192057
MgIn2,In-Mg,12,C2/m,-13.559476,38.321,22.839,57.153,0.251,1.729,6,-0.085941333,25.18833333,6.09242,6.09242,8.109957,69.586332,69.586332,32.757186,151.7321482,5.558201818,25.28869137
MgIn2,In-Mg,155,R32,-13.529459,37.896,12.111,32.024,0.359,6.689,6,-0.0809385,25.26,6.041165,6.041165,6.041166,57.321732,57.321732,57.321743,146.2883484,5.765038099,24.38139141
MgIn2,In-Mg,8,Cm,-13.478328,37.804,14.268,38.015,0.332,2.746,6,-0.072416667,25.34833333,6.046777,6.046777,8.145484,73.218774,73.218774,31.032628,146.4832103,5.757369056,24.41386838
MgIn2,In-Mg,63,Cmcm,-13.507864,37.443,15.555,40.972,0.318,2.271,6,-0.077339333,25.28333333,5.541827,5.541827,5.50118,90,90,120.16067,146.0787391,5.773310389,24.34645652
MgIn2,In-Mg,12,C2/m,-13.538352,37.425,15.631,41.14,0.317,2.576,6,-0.082420667,25.11833333,6.679696,6.679696,7.161654,73.07845,73.07845,28.479733,145.340269,5.802644428,24.22337817
MgIn2,In-Mg,63,Cmcm,-13.511311,36.587,22.683,56.396,0.243,1.617,6,-0.077913833,25.25666667,8.296133,8.296133,5.279407,90,90,156.506522,144.8513421,5.822230504,24.14189034
MgIn2,In-Mg,38,Amm2,-13.457783,35.998,6.069,16.793,0.423,21.128,6,-0.0689925,25.42166667,8.210922,8.210922,5.167675,90,90,155.185408,146.2179692,5.76781299,24.36966154
MgIn2,In-Mg,12,C2/m,-13.46532,35.794,14.83,38.965,0.319,2.925,6,-0.070248667,25.43333333,6.574929,6.574929,7.661469,74.913038,74.913038,28.649912,152.9602519,5.513575532,25.49337532
MgIn3,In-Mg,44,Imm2,-9.310335,36.661,14.47,38.284,0.326,2.95,4,-0.06018,25.7475,6.327724,6.327724,6.327724,149.02388,126.646835,62.982488,103.6055664,5.910287903,25.90139159
MgIn3,In-Mg,139,I4/mmm,-9.353175,36.053,9.452,26.066,0.38,4.12,4,-0.07089,25.4225,5.691267,5.691267,5.691267,132.778561,132.778561,69.00212,97.48201393,6.281555961,24.37050348
MgIr,Ir-Mg,51,Pmma,-21.73908,140.22,60.973,159.062,0.311,2.872,4,-0.319087,15.2,4.414035,3.120437,4.414186,90,90,90,60.79975375,11.82712816,15.19993844
MgIr2,Ir-Mg,194,P6_3/mmc,-80.298972,199.968,60.818,165.544,0.362,3.617,12,-0.346174333,16.51083333,5.174492,5.17449,8.400336,90,90,119.999999,194.7881836,13.93774643,16.23234864
MgNb2,Mg-Nb,166,R-3m,-21.048082,110.591,6.372,18.573,0.472,64.072,3,0.246197333,19.04,7.971409,7.971409,7.971409,21.093264,21.093264,21.093256,57.45717735,6.07250069,19.15239245
MgNi,Mg-Ni,166,R-3m,-21.804626,95.273,41.739,109.248,0.309,2.363,6,-0.183290833,14.47666667,4.925729,4.925733,4.925638,60.487289,60.487335,60.485899,85.4361226,4.839478249,14.23935377
MgNi,Mg-Ni,221,Pm-3m,-14.583556,94.42,30.925,79.368,0.36,12.555,4,-0.1950755,13.97,3.004961,4.258949,4.252495,90,90,90,54.42333835,5.064815568,13.60583459
MgNi,Mg-Ni,51,Pmma,-14.587056,89.571,34.116,87.831,0.337,6.14,4,-0.1959505,14.17,3.100726,4.257785,4.27278,90,90,90,56.41020145,4.886424162,14.10255036
MgNi2,Mg-Ni,227,Fd-3m,-26.172378,125.134,59.429,153.911,0.295,2.154,6,-0.236482333,13.24333333,4.761987,4.76198,4.762212,119.997746,60.002329,119.992217,76.36777714,6.161886024,12.72796286
MgNi2,Mg-Ni,194,P6_3/mmc,-105.024227,123.701,61.232,157.674,0.288,2.055,24,-0.250428792,13.21083333,4.753943,4.753944,15.640101,90,90,120.000027,306.1103971,6.149017389,12.75459988
MgNi3,Mg-Ni,221,Pm-3m,-18.154169,134.34,56.814,148.826,0.315,2.903,4,-0.075578,12.155,3.642682,3.642682,3.642682,90,90,90,48.33522885,6.884160081,12.08380721
MgNi3,Mg-Ni,139,I4/mmm,-18.103018,134.286,51.619,136.822,0.33,3.172,4,-0.06279025,12.2075,4.44933,4.44933,4.44933,131.359757,131.359757,71.24212,48.57569348,6.850081371,12.14392337
MgNi3,Mg-Ni,194,P6_3/mmc,-36.273466,127.861,38.356,104.573,0.364,3.563,8,-0.071219,12.2775,5.203804,5.203804,4.161534,90,90,120.000006,97.59464577,6.818969429,12.19933072
MgNi5,Mg-Ni,155,R32,-28.895416,150.668,54.574,146.072,0.338,2.847,6,-0.015554833,11.69333333,4.853128,4.853128,4.853128,54.078911,54.078911,54.0789,69.65072807,7.575984271,11.60845468
MgO,Mg-O,187,P-6m2,-11.223326,152.845,52.312,128.43,0.361,143.16,2,-4.779537213,9.71,2.938021,2.938021,2.67968,90,90,120.00002,20.03195059,3.341014169,10.01597529
MgO,Mg-O,225,Fm-3m,-11.911106,152.305,118.653,282.554,0.191,1.313,2,-5.123427213,9.575,2.965608,2.965608,2.965607,59.999992,59.999992,59.999988,18.44277009,3.628903382,9.221385046
MgO,Mg-O,166,R-3m,-94.330979,149.836,81.759,206.757,0.27,2.206,16,-5.0635604,9.65625,20.056886,20.056886,20.056887,8.563417,8.563417,8.563419,155.217838,3.449450481,9.701114877
MgO,Mg-O,1,P1,-467.521923,132.389,93.002,226.044,0.215,1.462,80,-5.01189825,10.24525,9.741477,10.461112,8.980876,87.325522,92.039415,86.397942,911.7270596,2.936274845,11.39658824
MgO,Mg-O,194,P6_3/mmc,-23.674462,126.57,63.183,162.008,0.287,2.381,4,-5.086489713,11.3275,3.486378,3.486378,4.178041,90,90,120.000007,43.97970154,3.043541834,10.99492539
MgO,Mg-O,186,P6_3mc,-23.534401,114.19,47.449,125.029,0.318,2.429,4,-5.051474463,12.1375,3.307787,3.307787,4.982882,90,90,120.000006,47.21567997,2.834949356,11.80391999
MgO,Mg-O,72,Ibam,-94.082729,113.279,61.58,156.083,0.271,2.116,16,-5.048044775,11.80875,8.092454,8.092454,8.092454,150.250461,135.494442,54.451966,183.2443106,2.921871049,11.45276941
MgO,Mg-O,192,P6/mcc,-140.224047,96.633,60.377,149.837,0.242,1.701,24,-5.010542838,14.0875,9.66812,9.66812,4.188409,90,90,119.999997,339.0500033,2.368749038,14.12708347
MgO,Mg-O,223,Pm-3n,-69.84401,94.549,29.181,79.341,0.36,3.5,12,-4.988208379,14.845,5.640578,5.640578,5.640578,90,90,90,179.4613075,2.237597564,14.95510896
MgO,Mg-O,1,P1,-453.712043,88.025,31.022,82.275,0.346,4.507,80,-4.83927475,11.540125,9.794905,9.759432,10.068635,91.477335,88.385531,88.977874,961.6202339,2.783927725,12.02025292
MgO,Mg-O,15,C2/c,-138.963937,85.829,35.521,93.644,0.318,2.434,24,-4.958038254,15.50916667,8.734499,8.734499,5.679621,89.770917,89.770917,59.928152,374.9786524,2.141786909,15.62411052
MgO,Mg-O,1,P1,-453.452887,84.833,43.04,110.438,0.283,2.008,80,-4.8360353,11.864375,10.343687,9.583526,9.593282,91.113363,91.694105,87.319373,949.3614848,2.819875541,11.86701856
MgO,Mg-O,1,P1,-453.363931,70.943,37.954,96.622,0.273,1.922,80,-4.83492335,11.898125,10.362423,9.006326,10.174513,96.136077,88.327273,90.701774,943.6781145,2.836858447,11.79597643
MgO,Mg-O,8,Cm,-139.280172,69.584,34.749,89.31,0.284,1.841,24,-4.971214713,13.88166667,12.892431,12.892431,7.577071,85.649988,85.649988,15.485421,335.2702639,2.395453625,13.96959433
MgO2,Mg-O,12,C2/m,-14.978613,140.011,31.385,85.817,0.397,2.843,3,-4.35887395,9.643333333,3.427407,3.427407,3.93541,85.597154,85.597154,53.647925,37.09492124,2.520416714,12.36497375
MgO2,Mg-O,166,R-3m,-16.340868,126.875,63.216,162.585,0.287,2.117,3,-4.81295895,10.29666667,3.954942,3.954942,3.954942,47.877644,47.877644,47.87764,31.16962892,2.999543553,10.38987631
MgO2,Mg-O,12,C2/m,-16.340927,126.277,63.056,162.125,0.286,2.11,3,-4.812978617,10.30666667,3.248451,3.248451,3.585705,85.775844,85.775844,63.568737,33.75523509,2.769782502,11.25174503
MgO2,Mg-O,2,P-1,-64.339888,88.172,39.282,102.58,0.306,2.36,12,-4.727660283,11.3875,3.244165,7.189301,6.906082,84.30557,75.145113,62.086447,137.5347256,2.719157917,11.46122713
MgP4,Mg-P,14,P2_1/c,-49.366256,57.934,37.163,91.845,0.236,1.588,10,-0.328559257,19.934,5.103066,5.16977,7.5461,98.733069,90,90,196.7707541,2.501306361,19.67707541
MgPb,Mg-Pb,51,Pmma,-10.40906,40.063,10.087,27.379,0.386,8.313,4,-0.18536,26.4125,3.541452,5.446535,5.33006,90,90,90,102.8096324,7.478347849,25.7024081
MgPb,Mg-Pb,12,C2/m,-10.360313,38.131,13.546,36.264,0.342,3.292,4,-0.17317325,26.5225,3.531841,5.994448,5.296736,74.714211,90,72.866896,103.0044378,7.464204553,25.75110944
MgPb3,Mg-Pb,187,P-6m2,-12.265193,38.751,13.27,35.691,0.346,3.287,4,-0.15419675,29.6925,3.578781,3.578781,10.41311,90,90,120.000004,115.4998341,9.286164731,28.87495853
MgPd2,Mg-Pd,62,Pnma,-54.950561,115.687,42.543,113.552,0.336,3.065,12,-0.60358875,15.74666667,4.135862,5.486329,8.097776,90,90,90,183.74421,8.572537595,15.3120175
MgPd3,Mg-Pd,139,I4/mmm,-38.176562,129.297,37.771,102.823,0.367,4.435,8,-0.4778065,15.6175,3.930605,3.930606,8.371086,103.578212,103.578229,89.999995,121.9938747,9.3529795,15.24923433
MgPd3,Mg-Pd,139,I4/mmm,-19.056778,128.801,46.519,124.424,0.339,3.102,4,-0.46993075,15.67,4.782017,4.782017,4.782017,130.86707,130.86707,72.024362,61.15689815,9.328516026,15.28922454
MgPd3,Mg-Pd,221,Pm-3m,-19.028766,127.917,37.033,101.142,0.368,4.057,4,-0.46292775,15.615,3.936033,3.936033,3.936033,90,90,90,60.97842126,9.355819528,15.24460532
MgPd3,Mg-Pd,194,P6_3/mmc,-38.002893,126.844,17.111,48.817,0.436,12.136,8,-0.456097875,15.66625,5.591599,5.591599,4.517972,90,90,120.000005,122.3337452,9.326994831,15.29171815
MgPd3,Mg-Pd,166,R-3m,-18.341304,125.327,46.236,123.316,0.336,3.117,4,-0.29106225,15.705,8.95282,8.95282,8.95282,18.462662,18.462662,18.462663,62.86523048,9.075018099,15.71630762
MgPd5,Mg-Pd,155,R32,-29.550576,140.941,43.68,118.755,0.36,3.363,6,-0.312193167,15.53,4.80606,4.806062,5.331172,116.834516,63.165484,119.997488,91.01136802,10.15183333,15.16856134
MgPd5,Mg-Pd,189,P-62m,-29.556687,140.558,48.38,130.2,0.346,2.931,6,-0.313211667,15.535,4.510702,4.82767,4.827387,59.9797,90,90,91.01972943,10.15090075,15.16995491
MgPt2,Mg-Pt,189,P-62m,-30.93477,164.607,60.422,161.494,0.336,2.802,6,-0.781136333,15.79666667,4.858821,4.858821,4.52867,90,90,120.000016,92.58979806,14.86661863,15.43163301
MgPt2,Mg-Pt,12,C2/m,-30.854422,158.401,50.079,135.846,0.357,3.426,6,-0.767745,15.84666667,2.855153,5.315726,6.836025,74.146085,89.976152,105.536268,95.85486082,14.36022342,15.97581014
MgPt3,Mg-Pt,221,Pm-3m,-22.128664,187.952,77.277,203.786,0.319,2.613,4,-0.788989,15.5225,3.930362,3.931052,3.931052,90,90,90,60.73654899,16.66530662,15.18413725
MgPt5,Mg-Pt,189,P-62m,-33.907478,195.518,58.522,159.639,0.364,3.368,6,-0.539551,15.735,4.891966,4.891966,4.562535,90,90,120.000002,94.55918448,17.55601455,15.75986408
MgPt7,Mg-Pt,225,Fm-3m,-46.63386,220.084,70.79,191.796,0.355,3.187,8,-0.533278,15.57375,5.567085,5.567086,5.567086,60,60,60,122.0024975,18.91741294,15.25031219
MgRh,Mg-Rh,221,Pm-3m,-9.63497,116.386,36.857,99.85,0.357,3.662,2,-0.5044015,15.225,3.086851,3.086851,3.086851,90,90,90,29.41351942,7.181663708,14.70675971
MgRh3,Mg-Rh,44,Imm2,-24.330619,183.366,88.041,227.668,0.293,2.133,4,-0.3262855,14.49,2.757072,5.141044,4.713804,62.713002,90,74.446183,56.61224021,9.76812097,14.15306005
MgRh5,Mg-Rh,8,Cm,-38.527664,198.643,85.559,224.425,0.312,2.4,6,-0.183812833,14.41666667,2.732843,5.085532,6.527813,76.024692,90,105.586202,84.59588645,10.57678398,14.09931441
MgS,Mg-S,225,Fm-3m,-8.502193,74.964,51.912,126.53,0.219,1.446,2,-1.481701828,17.81,3.683175,3.683175,3.683174,59.999997,59.999996,59.999998,35.33066671,2.64938638,17.66533335
MgS,Mg-S,216,F-43m,-8.472001,55.954,18.408,49.717,0.352,3.403,2,-1.466605828,23.055,4.006637,4.006637,4.006636,60.000001,60.000006,60.000018,45.48046821,2.058127167,22.74023411
MgS,Mg-S,186,P6_3mc,-16.979762,55.89,19.953,53.493,0.34,2.811,4,-1.475545828,23.04,4.034622,4.034622,6.432294,90,90,120,90.67808118,2.064547153,22.6695203
MgS2,Mg-S,36,Cmc2_1,-24.516337,58.529,24.439,64.325,0.317,2.581,6,-0.869033937,20.86833333,3.939021,3.939021,9.147763,90,90,119.964195,122.9641808,2.388496738,20.49403013
MgS2,Mg-S,166,R-3m,-24.53161,58.297,16.331,44.374,0.375,5.622,6,-0.871579437,20.88,3.910541,5.101926,10.192121,45.733003,89.9661,112.529038,122.964641,2.388487799,20.49410684
MgS3,Mg-S,25,Pmm2,-15.385212,57.928,24.424,63.463,0.324,3.807,4,-0.405466992,19.1525,3.664435,4.230634,4.830446,90,90,90,74.88583514,2.67200008,18.72145879
MgSb,Mg-Sb,51,Pmma,-11.893294,51.33,14.845,39.516,0.372,8.29,4,-0.15717475,24.4275,3.13097,5.61992,5.625007,90,90,90,98.97650336,4.901095321,24.74412584
MgSb,Mg-Sb,221,Pm-3m,-5.873191,50.715,11.875,32.937,0.392,5.479,2,-0.12044675,24.365,3.655308,3.655308,3.655308,90,90,90,48.83958115,4.966189984,24.41979058
MgSb,Mg-Sb,123,P4/mmm,-5.884181,48.919,3.421,10.017,0.466,18.545,2,-0.12594175,24.47,3.431622,3.431622,4.172849,90,90,90,49.13959314,4.935869902,24.56979657
MgSb,Mg-Sb,12,C2/m,-11.976984,47.962,3.69,6.191,0.478,2.514,4,-0.17809725,24.83,5.963885,5.963885,5.446576,83.948849,83.948849,31.140619,99.58048857,4.871368724,24.89512214
MgSb,Mg-Sb,8,Cm,-17.98944,47.486,15.833,42.702,0.35,2.704,6,-0.18209125,25.18666667,5.958955,5.958955,8.30882,75.993009,75.993009,31.878797,150.8000263,4.825197543,25.13333771
MgSb,Mg-Sb,38,Amm2,-17.562665,45.858,10.945,29.124,0.396,21.616,6,-0.110962083,24.81333333,9.092712,9.092712,5.168795,90,90,159.576816,149.1217333,4.879502807,24.85362222
MgSb,Mg-Sb,225,Fm-3m,-5.931805,45.34,78.944,69.425,0.245,0.247,2,-0.14975375,26.285,4.208524,4.208524,4.208524,60,60,60,52.70775133,4.601726172,26.35387567
MgSb,Mg-Sb,8,Cm,-17.416581,42.275,17.462,45.899,0.319,2.937,6,-0.08661475,25.435,6.252655,6.252655,7.63364,81.087794,81.087794,30.78796,150.7764345,4.825952535,25.12940575
MgSb,Mg-Sb,5,C2,-18.208078,36.797,9.9,27.233,0.377,4.153,6,-0.218530917,27.33166667,5.496182,5.496182,5.754353,88.168994,88.168994,62.665345,154.3098636,4.715446566,25.7183106
MgSb,Mg-Sb,38,Amm2,-18.207886,36.793,9.899,27.231,0.377,4.152,6,-0.218498917,27.33166667,5.528501,5.528501,5.723453,90,90,117.470264,155.2097986,4.688105537,25.86829977
MgSb,Mg-Sb,8,Cm,-17.513977,34.758,8.544,22.955,0.391,12.363,6,-0.102847417,26.06833333,6.357077,6.357077,7.830829,73.598691,73.598691,30.704981,154.508912,4.709371822,25.75148533
MgSb,Mg-Sb,59,Pmmn,-12.080155,32.513,10.89,28.905,0.377,8.216,4,-0.20389,25.0525,3.982755,4.514778,5.631678,90,90,90,101.2646362,4.790352245,25.31615906
MgSb2,Mg-Sb,63,Cmcm,-19.611441,52.792,18.575,49.513,0.344,3.95,6,0.0107875,25.40833333,5.54234,5.54234,5.606951,90,90,115.900618,154.9315587,5.741036614,25.82192645
MgSb2,Mg-Sb,8,Cm,-20.132231,47.356,21.758,56.597,0.301,2.254,6,-0.076010833,26.625,6.015509,6.015509,7.023035,74.020264,74.020264,42.320614,163.480335,5.440824128,27.2467225
MgSb2,Mg-Sb,38,Amm2,-19.763032,43.774,16.002,41.693,0.336,1.759,6,-0.014477667,26.94833333,8.757599,8.757599,5.431829,90,90,158.255524,154.3358289,5.763196772,25.72263815
MgSb2,Mg-Sb,12,C2/m,-19.980061,31.862,296.987,138.756,-0.251,0.053,6,-0.050649167,27.345,6.495061,6.495061,8.230151,79.492797,79.492797,28.721739,163.8642638,5.428076448,27.31071064
MgSb3,Mg-Sb,44,Imm2,-13.974936,40.807,5.012,14.357,0.442,13.82,4,0.017233125,26.9025,6.241871,6.241871,6.241871,146.720852,127.619507,63.485647,104.5491481,6.187722463,26.13728703
MgSc,Mg-Sc,221,Pm-3m,-7.844906,50.442,34.56,83.814,0.223,1.859,2,-0.0705265,23.29,3.596451,3.596451,3.596451,90,90,90,46.51816018,2.472377448,23.25908009
MgSc,Mg-Sc,51,Pmma,-15.68232,49.828,31.9,78.227,0.238,2.046,4,-0.0686535,23.2825,3.362799,5.19868,5.348914,90,90,90,93.51033452,2.459844695,23.37758363
MgSc2,Mg-Sc,63,Cmcm,-28.220919,49.185,23.573,60.694,0.294,2.602,6,-0.0430885,23.825,3.332992,8.40939,5.233026,90.000007,90.00001,78.56421,143.7616816,2.638554254,23.96028027
MgSe,Mg-Se,225,Fm-3m,-7.489989,61.216,40.078,98.697,0.231,1.527,2,-1.279775578,20.85,3.866069,3.866068,3.866069,59.999995,60.000001,60.000004,40.85956736,4.196705394,20.42978368
MgSe,Mg-Se,186,P6_3mc,-15.057442,46.707,15.272,41.313,0.353,3.085,4,-1.299141578,26.685,4.2216,4.221334,6.816718,89.999993,90,120.004303,105.1995686,3.260005132,26.29989214
MgSe,Mg-Se,216,F-43m,-7.517679,45.406,15.023,40.564,0.351,3.311,2,-1.293620578,26.905,4.198698,4.198697,4.198698,59.999993,60,60.000011,52.33941428,3.2762225,26.16970714
MgSn,Mg-Sn,123,P4/mmm,-5.608721,46.935,23.39,59.38,0.289,1.51,2,-0.29241075,24.04,3.331962,3.331962,4.228622,90,90,90,46.94603534,5.05861662,23.47301767
MgSn,Mg-Sn,59,Pmmn,-11.013857,44.487,22.837,58.368,0.281,1.714,4,-0.2415145,24.7275,3.501788,4.892427,5.644414,90,90,90,96.70146176,4.911652632,24.17536544
MgSn,Mg-Sn,12,C2/m,-11.155787,44.252,8.98,24.476,0.408,17.106,4,-0.276997,24.255,5.929512,5.929512,5.030756,73.612542,73.612542,34.608836,95.97439192,4.948861667,23.99359798
MgSn,Mg-Sn,5,C2,-16.52676,43.617,17.327,45.655,0.326,3.267,6,-0.24251025,24.475,5.582497,5.582497,5.856934,71.522298,71.522298,60.884978,148.2978123,4.804157073,24.71630205
MgSn,Mg-Sn,156,P3m1,-16.191519,42.976,6.051,16.717,0.435,84.589,6,-0.18663675,25.17,3.335494,3.335494,15.481375,90,90,120.000008,149.162811,4.77629765,24.8604685
MgSn,Mg-Sn,38,Amm2,-16.443362,42.872,28.78,67.987,0.235,0.998,6,-0.228610583,24.73,5.63721,5.63721,5.388013,90,90,119.777051,148.6137518,4.793943865,24.76895864
MgSn,Mg-Sn,8,Cm,-16.586776,42.758,19.049,49.651,0.307,2.606,6,-0.252512917,24.505,5.868227,5.868227,7.978119,70.453989,70.453989,33.942921,143.7118182,4.957462738,23.9519697
MgSn,Mg-Sn,187,P-6m2,-5.515624,42.66,5.948,16.666,0.436,27.479,2,-0.24586225,24.82,3.47299,3.47299,4.628427,90,90,120.003787,48.34533302,4.912201029,24.17266651
MgSn,Mg-Sn,8,Cm,-16.521672,41.89,11.701,31.124,0.38,10.45,6,-0.24166225,24.50333333,6.83707,6.83707,7.081075,74.701803,74.701803,27.820357,148.6657329,4.792267658,24.77762216
MgSn,Mg-Sn,38,Amm2,-16.375461,41.734,7.349,20.415,0.418,3.514,6,-0.21729375,24.865,7.915764,7.915764,5.210741,90,90,152.8963,148.7548413,4.789396953,24.79247355
MgSn2,Mg-Sn,15,C2/c,-18.724,45.333,11.557,31.478,0.384,7.19,6,-0.246904333,25.53833333,5.658204,5.658204,6.736032,59.921542,59.921542,62.195411,154.6690031,5.619802011,25.77816718
MgSn2,Mg-Sn,155,R32,-18.545,45.148,9.789,26.882,0.401,10.083,6,-0.217071,25.85333333,6.146227,6.146227,6.146227,57.392565,57.392565,57.392567,154.3253929,5.632314669,25.72089882
MgSn2,Mg-Sn,194,P6_3/mmc,-18.450676,44.626,14.097,38.255,0.357,3.312,6,-0.201350333,25.96,3.341996,3.341996,15.624501,90,90,120.000009,151.1292839,5.751427865,25.18821398
MgSn2,Mg-Sn,12,C2/m,-18.638126,43.159,9.033,25.032,0.402,3.277,6,-0.232592,25.46166667,6.737847,6.737847,7.301958,73.441923,73.441923,29.091777,154.0336282,5.642983189,25.67227136
MgSn2,Mg-Sn,12,C2/m,-18.659688,42.847,19.541,50.795,0.303,2.509,6,-0.236185667,25.57166667,5.943391,5.943391,8.029331,68.459829,68.459829,36.307249,154.8972896,5.611519587,25.81621493
MgSn3,Mg-Sn,139,I4/mmm,-13.120994,45.147,15.554,41.844,0.346,3.08,4,-0.225579875,26.2225,5.90995,5.90995,5.90995,134.851643,134.851643,65.7608,102.1831849,6.182300744,25.54579622
MgTe,Mg-Te,225,Fm-3m,-6.265831,46.616,30.583,75.284,0.231,1.524,2,-0.870258834,26.66,4.203602,4.203602,4.203602,60,60,60,52.52301624,4.802545721,26.26150812
MgTe,Mg-Te,194,P6_3/mmc,-12.618672,46.614,20.871,54.478,0.305,2.29,4,-0.892011334,26.6525,4.214525,4.214064,6.862112,90,90,120.003624,105.5412571,4.780011039,26.38531426
MgTe,Mg-Te,216,F-43m,-6.40255,34.198,11.491,30.988,0.349,3.197,2,-0.938618334,34.455,4.570737,4.570736,4.570737,60.000001,60.000005,59.999999,67.52173262,3.735748138,33.76086631
MgTe,Mg-Te,186,P6_3mc,-12.809343,34.161,11.533,31.1,0.348,2.996,4,-0.939679084,34.47,4.590203,4.590203,7.437806,90,90,120.000007,135.7185245,3.717166657,33.92963112
MgTl,Mg-Tl,221,Pm-3m,-3.794325,37.843,22.203,55.58,0.255,1.963,2,-0.0716935,24.605,3.637803,3.637803,3.637803,90,90,90,48.1412535,7.888158879,24.07062675
MgZn,Mg-Zn,51,Pmma,-5.582425,51.05,26.856,67.443,0.28,1.4,4,-0.12522075,17.9675,3.127487,4.839659,4.57911,90,90,90,69.30927352,4.298807194,17.32731838
MgZn,Mg-Zn,194,P6_3/mmc,-16.635166,50.869,16.489,44.509,0.354,3.789,12,-0.115878333,18.24833333,5.243759,5.243766,8.849778,90,90,120.000032,210.7409258,4.241423956,17.56174381
MgZn,Mg-Zn,5,C2,-8.323123,49.531,14.288,38.187,0.374,7.93,6,-0.116801667,18.34333333,5.315171,5.315171,5.697845,61.452604,61.452604,54.757056,110.8048225,4.033405725,18.46747042
MgZn,Mg-Zn,123,P4/mmm,-2.79115,49.502,34.281,83.524,0.219,1.52,2,-0.1251895,17.975,3.197632,3.197632,3.387289,90,90,90,34.63452468,4.301303489,17.31726234
MgZn,Mg-Zn,8,Cm,-8.159436,47.826,32.182,78.849,0.225,1.527,6,-0.0895205,18.44,5.779376,5.779376,6.740345,76.342403,76.342403,30.058351,109.3442502,4.08728218,18.2240417
MgZn,Mg-Zn,38,Amm2,-8.143372,47.176,18.215,48.35,0.329,2.925,6,-0.086843167,18.14666667,5.111896,5.111896,4.822372,90,90,119.801882,109.3500232,4.087066398,18.22500387
MgZn,Mg-Zn,38,Amm2,-7.931879,47.11,20.922,54.522,0.307,2.67,6,-0.051594333,18.52666667,7.78261,7.78261,4.776632,90,90,157.430365,111.0411721,4.024820676,18.50686202
MgZn,Mg-Zn,59,Pmmn,-5.329915,47.064,17.171,45.24,0.34,4.533,4,-0.06209325,18.5525,3.028202,4.934615,4.982497,90,90,90,74.45350754,4.00178868,18.61337688
MgZn,Mg-Zn,38,Amm2,-7.932936,46.357,11.372,31.508,0.387,3.658,6,-0.0517705,18.47666667,7.739604,7.739604,4.800304,90,90,157.272743,111.0916318,4.022992536,18.51527196
MgZn,Mg-Zn,38,Amm2,-16.484137,45.725,15.682,42.162,0.347,3.342,12,-0.103292583,18.21,4.58715,3.109824,14.643263,90,90,90,208.8894955,4.279016562,17.40745796
MgZn,Mg-Zn,38,Amm2,-8.136517,44.099,31.096,72.542,0.217,0.916,6,-0.085700667,18.61333333,5.244443,5.244443,4.378254,90,90,109.415286,113.5724635,3.935115887,18.92874392
MgZn2,Mg-Zn,194,P6_3/mmc,-16.529698,64.313,42.707,104.899,0.228,1.522,12,-0.1591315,16.71583333,5.156811,5.156812,8.372856,90,90,120.000011,192.8265149,5.343410406,16.06887625
MgZn2,Mg-Zn,15,C2/c,-8.019978,56.74,29.178,74.661,0.281,2.127,6,-0.118319667,17.215,5.021466,5.021466,5.805431,60.671132,60.671132,57.234025,102.1489817,5.043374832,17.02483028
MgZn2,Mg-Zn,63,Cmcm,-7.727744,54.997,27.301,68.85,0.291,1.428,6,-0.069614,17,7.351293,7.351293,4.479431,90,90,156.295937,97.31730088,5.293772008,16.21955015
MgZn2,Mg-Zn,63,Cmcm,-7.758932,54.664,16.372,44.427,0.365,4.458,6,-0.074812,16.94666667,7.472076,7.472076,4.669748,90,90,156.990835,101.9102032,5.055191601,16.98503387
MgZn2,Mg-Zn,63,Cmcm,-7.791954,53.483,11.212,30.918,0.406,10.438,6,-0.080315667,16.95166667,5.156834,5.156834,4.671581,90,90,124.088011,102.8853719,5.007277455,17.14756198
MgZn2,Mg-Zn,189,P-62m,-7.623238,53.339,9.985,28.097,0.412,7.17,6,-0.052196333,17.03833333,4.972787,4.972787,4.772897,90,90,119.999992,102.2145002,5.040142077,17.03575003
MgZn2,Mg-Zn,12,C2/m,-7.738929,53.295,26.4,67.748,0.288,2.424,6,-0.071478167,17,5.519711,5.519711,6.638135,75.777416,75.777416,30.946883,100.5670387,5.122708294,16.76117312
MgZn2,Mg-Zn,38,Amm2,-7.580982,50.852,22.975,59.845,0.304,2.439,6,-0.045153667,17.30333333,7.748515,7.748515,4.616463,90,90,157.895244,104.2994119,4.939391257,17.38323532
MgZn2,Mg-Zn,8,Cm,-7.593979,48.395,17.62,47.137,0.338,2.796,6,-0.047319833,17.64333333,5.392964,5.392964,6.749512,78.804905,78.804905,32.760834,104.0284673,4.95225602,17.33807788
MgZn2,Mg-Zn,63,Cmcm,-7.448412,48.321,23.472,60.451,0.293,2.426,6,-0.023058667,17.56833333,4.741072,4.741072,5.287896,90,90,116.687015,106.198276,4.85107313,17.69971267
MgZn3,Mg-Zn,221,Pm-3m,-5.004733,59.173,17.96,48.916,0.362,3.49,4,-0.058861,16.6125,3.966286,3.966286,3.966286,90,90,90,62.39534439,5.869059704,15.5988361
MgZn3,Mg-Zn,25,Pmm2,-4.943345,56.69,16.385,43.162,0.374,11.067,4,-0.043514,16.59,2.901596,4.675775,4.882362,90,90,90,66.24003073,5.528409293,16.56000768
MgZn3,Mg-Zn,139,I4/mmm,-4.976409,56.309,7.621,21.867,0.435,8.243,4,-0.05178,16.5125,4.856434,4.856434,4.856434,129.822264,129.822264,73.691065,65.92053134,5.555204031,16.48013283
MgZn3,Mg-Zn,44,Imm2,-4.907249,55.897,24.449,62.782,0.313,1.613,4,-0.03449,16.58,5.482298,5.482298,5.482298,149.088951,127.526804,62.15389,66.50335608,5.506519115,16.62583902
MgZn5,Mg-Zn,12,C2/m,-28.867524,64.237,28.591,74.583,0.307,2.536,24,-0.036512333,16.24375,9.864584,9.864584,8.852438,67.945038,67.945038,29.615283,392.2764341,5.949176145,16.34485142
MgZn5,Mg-Zn,189,P-62m,-7.224717,62.173,15.295,42.403,0.386,4.223,6,-0.037818333,15.89333333,4.851071,4.851071,4.435802,90,90,119.999983,90.40202986,6.453731204,15.06700498
MgZn5,Mg-Zn,38,Amm2,-7.129284,60.244,30.201,77.628,0.285,2.027,6,-0.021912833,16.02333333,7.314455,7.314455,4.486245,90,90,157.711709,91.0315789,6.409098997,15.17192982
MgZr2,Mg-Zr,166,R-3m,-18.450151,67.951,39.601,99.477,0.256,1.723,3,-0.012674333,23.45666667,7.997397,7.997397,7.997397,23.323228,23.323228,23.323239,70.39466636,4.877094408,23.46488879
Nd2Mg,Mg-Nd,63,Cmcm,-22.23645,36.086,19.106,48.52,0.276,2.303,6,-0.1338225,31.74,3.863834,9.006254,5.616075,90,90,77.613309,190.88271,5.442068108,31.81378499
Nd2Mg,Mg-Nd,12,C2/m,-22.204687,35.531,16.785,42.714,0.3,3.487,6,-0.128528667,31.67666667,6.935912,6.935912,7.755982,74.130423,74.130423,32.147062,190.3244501,5.458030787,31.72074169
Nd2Mg,Mg-Nd,139,I4/mmm,-11.098589,35.365,14.489,36.853,0.326,5.889,3,-0.127277167,31.69,6.957826,6.957826,6.957826,147.803983,147.803983,46.174811,95.29407811,5.450478817,31.7646927
Nd5Mg41,Mg-Nd,87,I4/m,-88.151593,38.695,24.915,61.53,0.235,1.602,46,-0.139977984,24.385,11.630954,11.630954,11.630954,101.650526,101.650526,126.592277,1128.557374,2.527415024,24.53385596
NdMg,Mg-Nd,221,Pm-3m,-6.443086,38.715,26.909,65.401,0.218,1.633,2,-0.185725625,29.575,3.891475,3.891475,3.891475,90,90,90,58.93084394,4.749276599,29.46542197
NdMg12,Mg-Nd,139,I4/mmm,-23.289628,38.242,29.751,70.868,0.191,1.317,13,-0.117412404,24.08846154,5.896082,7.812611,7.812611,81.765844,67.830742,67.830745,308.6358297,2.345263351,23.74121767
NdMg2,Mg-Nd,227,Fd-3m,-16.100243,39.26,23.963,59.695,0.247,1.76,6,-0.183991583,27.19333333,6.127192,6.127191,6.127191,59.999997,60.000005,59.999993,162.6557077,3.937621183,27.10928462
NdMg3,Mg-Nd,225,Fm-3m,-9.740583,39.551,29.34,70.481,0.203,1.48,4,-0.203981063,25.435,5.224884,5.224884,5.224885,60.000013,60.000013,60.000016,100.8591239,3.575260902,25.21478096
Pm2Mg,Mg-Pm,63,Cmcm,-22.1247,37.054,19.748,50.057,0.275,2.338,6,-0.233468333,31.06833333,8.93029,8.93029,5.569792,90,90,155.199007,186.323979,5.602239003,31.05399651
Pm2Mg,Mg-Pm,139,I4/mmm,-11.052421,37.036,15.075,38.437,0.327,5.8,3,-0.230158667,30.99333333,3.83142,3.83142,6.904907,106.095503,106.095484,90.041866,93.24052864,5.59752008,31.08017621
Pm2Mg,Mg-Pm,12,C2/m,-22.082513,36.866,17.097,43.538,0.303,3.679,6,-0.226437167,31.00166667,6.94522,6.94522,7.644358,74.079678,74.079678,31.833721,186.4111544,5.599619111,31.06852573
PmMg,Mg-Pm,221,Pm-3m,-6.410812,40.27,29.938,71.824,0.203,1.521,2,-0.25829175,29.005,3.869312,3.869312,3.869312,90,90,90,57.92971324,4.853080586,28.96485662
PmMg2,Mg-Pm,227,Fd-3m,-15.999483,40.146,23.349,58.617,0.257,1.874,6,-0.226333667,26.88166667,6.107678,6.107678,6.107678,60,60,60,161.1065983,3.991108647,26.85109971
PmMg3,Mg-Pm,225,Fm-3m,-9.675377,40.108,28.33,68.667,0.215,1.589,4,-0.232031125,25.2025,5.204863,5.204863,5.204863,119.863017,119.863017,90.237426,99.90957079,3.621838907,24.9773927
PmMg3,Mg-Pm,194,P6_3/mmc,-19.175832,38.334,15.085,39.999,0.326,2.667,8,-0.210165875,25.985,6.785525,6.785525,5.179075,90,90,120.000043,206.5140223,3.504424219,25.81425279
Pr2Mg,Mg-Pr,63,Cmcm,-22.310451,34.922,18.618,47.262,0.274,2.247,6,-0.099990167,32.5,9.055402,9.055402,5.665839,90,90,155.097303,195.6333049,5.196709399,32.60555082
Pr2Mg,Mg-Pr,12,C2/m,-22.286924,34.475,16.892,42.953,0.292,3.093,6,-0.096069,32.425,6.941882,6.941882,7.821099,73.638167,73.638167,32.718118,194.7377265,5.220608522,32.45628775
Pr2Mg,Mg-Pr,139,I4/mmm,-11.140736,34.154,13.665,34.723,0.331,6.569,3,-0.095160333,32.43,6.946971,6.946971,6.946971,147.304241,147.304241,46.913515,97.46457248,5.215481937,32.48819083
Pr5Mg41,Mg-Pr,87,I4/m,-88.504899,38.486,24.807,61.251,0.235,1.599,46,-0.140131511,24.515,11.661405,11.661405,11.661405,101.64926,101.64926,126.595365,1137.414348,2.483394706,24.72639887
PrMg,Mg-Pr,221,Pm-3m,-6.46566,37.441,24.559,60.34,0.231,1.723,2,-0.16238825,30.19,3.918471,3.918471,3.918471,90,90,90,60.16582935,4.559765278,30.08291468
PrMg12,Mg-Pr,139,I4/mmm,-23.387423,38.153,31.155,73.458,0.179,1.257,13,-0.119608269,24.17461538,5.905394,7.817801,7.817801,81.784483,67.866849,67.866842,309.6929359,2.319379613,23.82253353
PrMg2,Mg-Pr,227,Fd-3m,-16.182292,38.498,24.691,60.999,0.236,1.65,6,-0.1745835,27.53166667,6.152419,6.152419,6.152419,59.999944,59.999944,59.999946,164.6729069,3.822140115,27.44548448
PrMg3,Mg-Pr,225,Fm-3m,-9.78609,39.406,29.766,71.267,0.199,1.435,4,-0.198045625,25.7225,5.243365,5.243366,5.243363,59.999996,59.999994,59.999994,101.9330796,3.483274174,25.4832699
Sm2Mg,Mg-Sm,63,Cmcm,-21.985573,39.012,18.917,48.262,0.294,3.024,6,-0.13231,30.53833333,3.800367,8.909169,5.541431,90,90,77.685121,183.3052432,5.888720919,30.55087387
Sm2Mg,Mg-Sm,139,I4/mmm,-10.967235,38.216,16.613,42.413,0.315,4.442,3,-0.123792833,30.47333333,3.778094,3.778094,6.959482,105.738137,105.738137,90.040855,91.73470374,5.883451825,30.57823458
Sm2Mg,Mg-Sm,12,C2/m,-21.913412,37.887,17.507,44.637,0.304,3.65,6,-0.120283167,30.49333333,6.913874,6.913874,7.59297,74.140397,74.140397,31.752691,183.1356864,5.89417301,30.52261441
Sm5Mg41,Mg-Sm,87,I4/m,-87.274561,39.015,24.106,59.956,0.244,1.683,46,-0.127482777,24.17782609,11.591919,11.591919,11.591919,101.50073,101.50073,126.958697,1113.687966,2.606770335,24.21060797
SmMg,Mg-Sm,221,Pm-3m,-6.364847,42.288,32.356,77.18,0.196,1.474,2,-0.176831375,28.58,3.85263,3.85263,3.85263,90,90,90,57.18366378,5.072043952,28.59183189
SmMg2,Mg-Sm,227,Fd-3m,-15.879689,40.738,22.861,57.702,0.264,1.975,6,-0.16738275,26.65166667,6.086668,6.086668,6.086667,60,60.000002,60.000006,159.4497175,4.144221304,26.57495292
SmMg3,Mg-Sm,225,Fm-3m,-9.604651,39.729,26.866,65.585,0.225,1.715,4,-0.185110688,25,5.197181,5.197181,5.197182,60.000003,60.000003,60.000006,99.26328363,3.735085588,24.81582091
SmMg3,Mg-Sm,194,P6_3/mmc,-19.051154,38.868,15.273,40.503,0.326,2.668,8,-0.165342188,25.77125,6.76044,6.760442,5.18103,90,90,120.000003,205.0674612,3.615950165,25.63343265
Sr2Mg,Mg-Sr,140,I4/mcm,-9.686063,17.232,6.314,16.878,0.337,2.831,6,-0.1072475,43.99833333,7.100533,7.100533,7.100533,104.51284,104.51284,119.921042,268.6001429,2.467253104,44.76669048
Sr2Mg,Mg-Sr,63,Cmcm,-19.466922,16.902,7.596,19.652,0.306,3.058,12,-0.115147167,42.1,14.79963,5.932112,5.926059,90,90,90,520.2668453,2.547556286,43.35557044
Sr2Mg,Mg-Sr,71,Immm,-4.88078,16.602,10.921,26.846,0.23,1.651,3,-0.119830333,42.26666667,7.976366,7.976366,7.976366,150.729305,148.979024,43.172413,127.5345513,2.598137246,42.51151711
Sr2Mg,Mg-Sr,139,I4/mmm,-4.879767,16.514,9.804,24.516,0.253,1.884,3,-0.119492667,42.24666667,7.842174,7.842174,7.842174,148.659001,148.659001,44.913482,130.0722896,2.547447032,43.35742986
Sr2Mg,Mg-Sr,63,Cmcm,-9.758063,16.189,7.66,19.76,0.297,2.63,6,-0.1192475,42.14,7.544475,7.544475,6.096819,90,90,132.306178,256.6456205,2.582177459,42.77427008
Sr2Mg,Mg-Sr,12,C2/m,-9.782587,15.778,10.454,25.668,0.229,1.63,6,-0.123334833,42.775,8.020972,8.020972,8.329723,75.123194,75.123194,30.150271,259.4775653,2.553995507,43.24626089
Sr2Mg17,Mg-Sr,194,P6_3/mmc,-59.516969,32.308,18.103,45.761,0.264,1.811,38,-0.127000184,25.86815789,10.466108,10.466108,10.271073,90,90,120.000002,974.3541971,2.005641692,25.64089992
Sr6Mg23,Mg-Sr,225,Fm-3m,-46.603412,28.162,8.133,22.113,0.369,4.825,29,-0.155493276,28.44586207,10.509098,10.509097,10.509097,59.999858,59.999856,59.999859,820.6913755,2.194789538,28.2997026
Sr9Mg38,Mg-Sr,194,P6_3/mmc,-149.902002,28.391,16.532,41.534,0.256,1.719,94,-0.145043585,28.26180851,10.518165,10.518165,27.900247,90,90,120.000004,2673.120847,2.127195392,28.43745582
SrMg,Mg-Sr,12,C2/m,-6.364847,19.865,10.4,26.508,0.278,2.193,4,-0.1042615,36.4825,6.88509,6.88509,6.13897,69.429471,69.429471,32.937325,147.2276002,2.524741758,36.80690004
SrMg,Mg-Sr,51,Pmma,-6.480482,19.832,17.755,38.999,0.17,0.729,4,-0.13317025,36.25,4.009475,5.981249,6.116758,90,90,90,146.6900616,2.53399355,36.67251541
SrMg,Mg-Sr,221,Pm-3m,-3.251503,19.367,10.989,27.689,0.262,1.95,2,-0.13880125,36.29,4.190318,4.190318,4.190318,90,90,90,73.57681458,2.526010892,36.78840729
SrMg2,Mg-Sr,194,P6_3/mmc,-19.649475,26.342,11.164,29.344,0.314,2.436,12,-0.170652083,31.2225,6.50677,6.506771,10.233342,90,90,120.000075,375.2137592,2.411587864,31.26781327
SrMg2,Mg-Sr,227,Fd-3m,-9.874209,26.276,17.682,43.321,0.225,1.531,6,-0.178897333,31.22333333,6.427257,6.427257,6.427257,60,60,60,187.7422669,2.409848786,31.29037782
SrMg2,Mg-Sr,166,R-3m,-9.87414,26.176,17.586,43.099,0.226,1.533,6,-0.178885833,31.22333333,6.510998,6.510998,6.510998,58.454352,58.454352,58.454354,188.2737758,2.40304563,31.37896263
SrMg4,Mg-Sr,194,P6_3/mmc,-140.402862,25.817,13.426,34.327,0.278,1.933,90,-0.1093445,29.21211111,10.463221,10.463221,27.916522,90,90,120.000004,2646.809521,2.087348067,29.40899468
SrMg5,Mg-Sr,191,P6/mmm,-9.409192,28.671,5.275,14.658,0.417,12.976,6,-0.121540583,27.90166667,5.029066,6.188019,6.188019,59.999864,90,90,166.7710475,2.082456447,27.79517458
Tb2Mg,Mg-Tb,139,I4/mmm,-10.783654,42.5,22.813,57.457,0.275,2.595,3,-0.102227,28.84333333,3.683692,3.683691,6.989956,105.277791,105.277774,89.999991,88.01911932,6.454994223,29.33970644
Tb3Mg,Mg-Tb,123,P4/mmm,-15.328171,40.004,22.873,57.28,0.262,2.228,4,-0.081491875,29.6825,3.617982,3.617982,9.167219,90,90,90,119.9969938,6.934045868,29.99924845
Tb5Mg24,Mg-Tb,217,I-43m,-60.350522,39.279,16.862,44.252,0.312,2.33,29,-0.120278672,24.68551724,9.729693,9.729704,9.729705,109.471265,109.471221,109.471218,709.0491258,3.227046373,24.44996986
TbMg,Mg-Tb,221,Pm-3m,-6.257647,43.305,30.553,74.002,0.215,1.637,2,-0.15295225,27.32,3.798866,3.798866,3.798866,90,90,90,54.82288285,5.549893375,27.41144143
TbMg2,Mg-Tb,194,P6_3/mmc,-31.186533,42.5,22.476,57.321,0.275,1.916,12,-0.139459583,25.99666667,6.050582,6.050582,9.797149,90,90,120.000001,310.6165523,4.437890432,25.88471269
TbMg3,Mg-Tb,225,Fm-3m,-9.424516,41.126,28.067,68.373,0.223,1.717,4,-0.154937375,24.4825,5.154504,5.154505,5.154503,60.000003,59.999999,60.000003,96.83796479,3.975506499,24.2094912
TbMg3,Mg-Tb,194,P6_3/mmc,-18.749224,40.437,14.521,38.889,0.34,2.987,8,-0.142461375,25.1075,6.676717,6.676717,5.167979,90,90,120.000041,199.5157608,3.859143325,24.93947011
Th6Mg23,Mg-Th,225,Fm-3m,-79.448871,45.502,33.233,80.177,0.206,1.388,29,-0.084643966,25.16034483,10.096001,10.096001,10.096001,59.999823,59.999825,59.999819,727.6649322,4.452757972,25.09189422
ThMg2,Mg-Th,227,Fd-3m,-20.927904,52.115,28.667,72.675,0.268,1.819,6,-0.082286,26.10333333,6.047898,6.047897,6.047897,59.999992,59.999994,59.999997,156.4221118,5.958582994,26.07035197
ThMg2,Mg-Th,194,P6_3/mmc,-83.40598,50.196,14.768,40.335,0.366,3.616,24,-0.069551167,26.08541667,6.080803,6.080802,19.470329,90,90,120.000078,623.4841904,5.97964888,25.97850793
Tm2Mg,Mg-Tm,63,Cmcm,-21.208185,44.496,77.333,129.8,0.013,0.341,6,-0.082435833,27.635,3.632039,8.65608,5.363986,89.999802,89.999825,77.876353,164.8783156,7.295114709,27.47971927
Tm3Mg,Mg-Tm,123,P4/mmm,-15.004512,41.252,25.876,64.113,0.241,1.771,4,-0.045647625,28.465,3.51996,3.51996,9.203789,90,90,90,114.0360379,7.733739124,28.50900949
Tm5Mg24,Mg-Tm,217,I-43m,-59.508565,40.362,15.139,40.368,0.333,2.726,29,-0.101606707,24.21482759,9.660269,9.660269,9.660274,109.471235,109.471235,109.471206,693.9783505,3.416871612,23.93028795
TmMg,Mg-Tm,221,Pm-3m,-6.107003,43.275,20.074,51.487,0.302,3.23,2,-0.10767725,26.43,3.74697,3.74697,3.74697,90,90,90,52.60666909,6.099630769,26.30333454
TmMg2,Mg-Tm,194,P6_3/mmc,-30.573169,44.252,21.573,55.629,0.29,2.23,12,-0.10837725,25.29333333,5.964411,5.964411,9.734988,90,90,119.999795,299.9176888,4.817864006,24.99314073
TmMg2,Mg-Tm,191,P6/mmm,-7.651465,40.279,18.588,47.762,0.303,3.192,3,-0.1111015,25.36666667,3.275763,5.165739,5.165971,119.998493,90.029245,90,75.70666163,4.771583526,25.23555388
TmMg3,Mg-Tm,221,Pm-3m,-9.16888,42.145,21.084,52.779,0.291,3.725,4,-0.106051875,24.7025,4.608128,4.608128,4.608128,90,90,90,97.85289168,4.104120528,24.46322292
TmMg3,Mg-Tm,225,Fm-3m,-9.189483,41.79,30.844,74.129,0.204,1.516,4,-0.111202625,24.105,5.119909,5.119909,5.119909,60,60,60,94.90119011,4.23177055,23.72529753
TmMg3,Mg-Tm,194,P6_3/mmc,-18.312384,41.448,9.573,26.612,0.393,5.238,8,-0.102879875,24.56625,6.606121,6.606126,5.140334,90,90,120.000013,194.2742795,4.13436161,24.28428493
Y2Mg,Mg-Y,63,Cmcm,-29.075647,41.077,23.359,58.763,0.262,2.037,6,-0.0858525,28.96166667,6.916888,6.916888,5.235766,90,90,135.508145,175.5499321,3.823671959,29.25832202
Y2Mg,Mg-Y,63,Cmcm,-58.149085,40.753,22.325,56.528,0.269,2.075,12,-0.085668417,28.96166667,12.804092,5.23723,5.235766,90,90,90,351.0998642,3.823671959,29.25832202
Y4Mg25,Mg-Y,160,R3m,-64.694515,38.693,14.5,38.622,0.334,3.001,29,-0.114627828,24.32965517,9.733975,9.733975,9.733976,109.508493,109.508493,109.508491,709.0030469,2.256001023,24.44838093
Y5Mg24,Mg-Y,217,I-43m,-69.965261,39.722,16.798,44.166,0.315,2.406,29,-0.12395131,24.60137931,9.730933,9.730943,9.730943,109.471265,109.471223,109.471221,709.3200078,2.406225421,24.45931061
YMg2,Mg-Y,227,Fd-3m,-19.430392,43.142,12.263,32.622,0.374,8.958,6,-0.145098333,25.875,6.0402,6.0402,6.0402,59.999936,59.999936,59.999936,155.8254612,2.930848906,25.97091019
YMg2,Mg-Y,194,P6_3/mmc,-38.858067,43.083,21.545,55.389,0.286,2.087,12,-0.144871917,25.92,6.047982,6.047978,9.849544,90,90,120.000023,312.0091283,2.927484108,26.0007607
YMg3,Mg-Y,225,Fm-3m,-11.311272,41.033,26.691,65.476,0.234,1.886,4,-0.15121475,24.38,5.161572,5.161572,5.161572,60,60,60,97.23687077,2.763456301,24.30921769
YMg3,Mg-Y,123,P4/mmm,-11.275724,40.392,16.799,42.691,0.324,5.651,4,-0.14232775,25.335,4.88666,4.88666,4.21986,90,90,90,100.7679283,2.666620697,25.19198208